Piloto,IC,r_ic,carrera_100,r_carrera,temporadas,gps_disputados,temporada_debut,temporada_ult,mejor_temporada_100,media_temporada_100
Lewis HAMILTON,8.083,1,1615.4,1,19,371,2007,2025,93.9,85.0
Juan FANGIO,7.921,2,555.1,63,8,51,1950,1958,85.6,69.4
Max VERSTAPPEN,7.805,3,919.6,17,11,224,2015,2025,96.0,83.6
Michael SCHUMACHER,7.53,4,1554.0,3,21,352,1991,2022,96.6,74.0
Sebastian VETTEL,7.345,5,1217.3,6,16,300,2007,2022,93.7,76.1
Nino FARINA,7.332,6,362.1,96,6,34,1950,1955,77.3,60.4
Alain PROST,7.29,7,1021.9,12,13,202,1980,1993,90.8,78.6
Jim CLARK,7.141,8,603.1,54,9,72,1960,1968,95.0,67.0
Ayrton SENNA,7.134,9,793.7,26,11,161,1984,1994,91.7,72.2
Jackie STEWART,7.083,10,694.0,39,10,101,1953,1973,88.9,69.4
Charles LECLERC,7.067,11,623.8,49,8,164,2018,2025,86.3,78.0
Oscar PIASTRI,7.049,12,246.3,132,3,61,2023,2025,94.2,82.1
Lando NORRIS,6.998,13,547.3,65,7,143,2019,2025,89.2,78.2
Kimi RÄIKKÖNEN,6.9,14,1405.8,4,19,352,2001,2021,88.4,74.0
Nico ROSBERG,6.881,15,831.4,23,11,206,2006,2016,92.2,75.6
Fernando ALONSO,6.841,16,1614.4,2,22,419,2001,2025,89.6,73.4
Mike HAWTHORN,6.783,17,413.6,85,7,46,1952,1958,80.9,59.1
Juan PABLO MONTOYA,6.673,18,416.8,82,6,95,2001,2006,83.0,69.5
Denny HULME,6.67,19,709.3,36,10,112,1965,1974,86.7,70.9
Valtteri BOTTAS,6.645,20,886.1,20,12,247,2013,2024,90.0,73.8
Felipe MASSA,6.634,21,1057.5,9,15,271,2002,2017,84.2,70.5
Damon HILL,6.578,22,534.2,69,8,116,1992,1999,88.6,66.8
David COULTHARD,6.54,23,1051.7,10,15,247,1994,2008,86.6,70.1
Richie GINTHER,6.524,24,432.5,80,7,53,1960,1966,81.3,61.8
Alberto ASCARI,6.46,25,305.7,110,6,32,1950,1955,77.1,51.0
Nelson PIQUET,6.451,26,946.4,14,14,205,1978,1991,84.8,67.6
Sergio PÉREZ,6.447,27,980.0,13,14,283,2011,2024,84.5,70.0
Jack BRABHAM,6.422,28,926.8,16,16,128,1955,1970,86.6,57.9
Carlos SAINZ,6.401,29,774.4,28,11,223,2015,2025,79.7,70.4
Mika HÄKKINEN,6.397,30,717.7,35,11,163,1991,2001,88.4,65.2
Bruce MCLAREN,6.396,31,758.7,31,13,103,1958,1970,83.6,58.4
Mark WEBBER,6.375,32,849.1,22,12,217,2002,2013,88.2,70.8
Jenson BUTTON,6.374,33,1187.5,7,18,309,2000,2017,86.5,66.0
Stirling MOSS,6.367,34,578.3,60,11,67,1951,1961,73.3,52.6
Jody SCHECKTER,6.352,35,534.9,68,9,112,1972,1980,84.9,59.4
Ralf SCHUMACHER,6.327,36,751.9,32,11,180,1997,2007,81.0,68.4
Rubens BARRICHELLO,6.298,37,1315.8,5,19,326,1993,2011,88.2,69.3
Carlos REUTEMANN,6.268,38,695.7,38,11,146,1972,1982,82.3,63.2
Gerhard BERGER,6.206,39,914.7,18,16,212,1953,1997,81.0,57.2
Daniel RICCIARDO,6.183,40,872.7,21,14,257,2011,2024,87.7,62.3
Dan GURNEY,6.164,41,638.7,46,11,87,1959,1970,82.5,58.1
Nigel MANSELL,6.106,42,827.0,25,15,190,1980,1995,87.0,55.1
Jacques VILLENEUVE,6.093,43,678.8,42,11,165,1996,2006,86.9,61.7
Graham HILL,6.089,44,1132.8,8,18,177,1958,1975,92.3,62.9
George RUSSELL,6.087,45,487.9,74,7,143,2019,2025,86.4,69.7
John SURTEES,6.046,46,763.2,30,13,112,1960,1972,80.3,58.7
Jochen RINDT,6.018,47,402.9,89,7,61,1964,1970,80.8,57.6
Clay REGAZZONI,6.016,48,634.5,48,11,131,1970,1980,82.5,57.7
Niki LAUDA,5.993,49,771.5,29,13,173,1971,1985,87.8,59.3
Phil HILL,5.923,50,390.0,90,7,51,1958,1964,81.0,55.7
Pedro RODRÍGUEZ,5.912,51,337.9,101,9,54,1963,1971,72.7,37.5
Jean ALESI,5.903,52,828.4,24,13,202,1989,2001,80.5,63.7
Heinz-Harald FRENTZEN,5.88,53,647.3,44,10,158,1994,2003,82.1,64.7
Nick HEIDFELD,5.839,54,701.1,37,12,184,2000,2011,81.0,58.4
Giancarlo FISICHELLA,5.837,55,887.8,19,14,231,1996,2009,81.8,63.4
Eddie IRVINE,5.837,55,599.3,58,10,147,1993,2002,87.8,59.9
Jacky ICKX,5.76,56,603.1,54,13,116,1967,1979,82.6,46.4
Luigi VILLORESI,5.754,57,289.5,117,7,33,1950,1956,71.4,41.4
Ronnie PETERSON,5.745,58,578.8,59,9,123,1970,1978,77.8,64.3
Robert KUBICA,5.723,59,366.6,95,7,99,2006,2021,83.3,52.4
François CEVERT,5.699,60,257.9,125,4,47,1970,1973,74.6,64.5
Emerson FITTIPALDI,5.693,61,674.8,43,11,146,1970,1980,81.8,61.3
James HUNT,5.683,62,404.1,88,7,93,1973,1979,80.1,57.7
Jo SIFFERT,5.677,63,608.8,53,10,97,1962,1971,75.3,60.9
Lorenzo BANDINI,5.669,64,320.2,104,7,44,1961,1967,77.7,45.7
Gilles VILLENEUVE,5.669,64,307.5,108,6,68,1977,1982,84.0,51.2
Peter REVSON,5.665,65,161.9,170,5,30,1964,1974,72.3,32.4
Patrick DEPAILLER,5.649,66,416.0,83,8,95,1972,1980,72.7,52.0
Nico HÜLKENBERG,5.633,67,782.4,27,14,245,2010,2025,71.7,55.9
Esteban OCON,5.61,68,543.5,66,9,171,2016,2025,73.6,60.4
Pierre GASLY,5.61,68,533.3,70,9,169,2017,2025,72.9,59.3
Mike SPENCE,5.604,69,250.4,130,6,36,1963,1968,68.8,41.7
Jarno TRULLI,5.589,70,932.4,15,15,256,1997,2011,75.7,62.2
Riccardo PATRESE,5.576,71,1029.4,11,17,257,1977,1993,80.9,60.6
Jean BEHRA,5.561,72,414.8,84,8,52,1952,1959,73.5,51.8
Tony BROOKS,5.548,73,295.4,113,6,39,1956,1961,65.9,49.2
Chris AMON,5.524,74,567.2,61,14,102,1963,1976,75.7,40.5
John WATSON,5.519,75,636.1,47,12,152,1973,1985,74.3,53.0
Jacques LAFFITE,5.495,76,725.6,34,13,177,1974,1986,75.7,55.8
José Froilán GONZÁLEZ,5.495,76,242.0,134,9,26,1950,1960,64.1,26.9
Alan JONES,5.484,77,494.9,73,10,117,1975,1986,84.9,49.5
Keke ROSBERG,5.482,78,476.3,75,9,114,1978,1986,77.0,52.9
Mario ANDRETTI,5.458,79,603.0,55,15,141,1968,1993,79.5,40.2
Didier PIRONI,5.426,80,314.3,106,5,72,1978,1982,72.0,62.9
Olivier PANIS,5.409,81,601.1,57,10,158,1994,2004,66.4,60.1
Alexander ALBON,5.408,82,386.4,91,6,120,2019,2025,75.5,64.4
Thierry BOUTSEN,5.407,83,643.6,45,11,163,1983,1993,75.8,58.5
Wolfgang VON TRIPS,5.394,84,227.9,140,6,28,1956,1961,69.8,38.0
Jean-Pierre BELTOISE,5.358,85,436.9,79,8,85,1967,1974,80.3,54.6
René ARNOUX,5.345,86,612.4,51,12,151,1978,1989,79.6,51.0
Elio DE ANGELIS,5.342,87,451.9,78,8,109,1979,1986,77.6,56.5
Maurice TRINTIGNANT,5.328,88,616.3,50,15,84,1950,1964,72.5,41.1
Jo BONNIER,5.313,89,691.6,40,16,106,1956,1971,72.5,43.2
Martin BRUNDLE,5.306,90,610.4,52,12,158,1984,1996,74.4,50.9
Harry SCHELL,5.299,91,428.3,81,11,57,1950,1960,69.1,38.9
Luigi MUSSO,5.295,92,223.9,141,6,25,1953,1958,61.6,37.3
Peter COLLINS,5.229,93,254.9,126,7,33,1952,1958,71.7,36.4
Piero TARUFFI,5.225,94,179.8,156,6,18,1950,1956,63.5,30.0
Alexander WURZ,5.223,95,268.3,121,6,69,1997,2007,71.4,44.7
Lance STROLL,5.215,96,539.8,67,9,182,2017,2025,65.3,60.0
Daniil KVYAT,5.201,97,359.4,99,6,112,2014,2020,72.5,59.9
Patrick TAMBAY,5.172,98,461.5,77,9,117,1977,1986,75.1,51.3
Johnny HERBERT,5.167,99,601.5,56,12,162,1989,2000,77.7,50.1
Romain GROSJEAN,5.158,100,555.4,62,10,181,2009,2020,71.8,55.5
Michele ALBORETO,5.125,101,728.5,33,14,194,1981,1994,74.8,52.0
Paul DI RESTA,5.05,102,192.9,151,4,59,2011,2017,65.7,48.2
Mika SALO,5.032,103,406.1,87,8,111,1994,2002,64.5,50.8
Innes IRELAND,5.022,104,369.4,94,8,55,1959,1966,65.9,46.2
Louis ROSIER,5.014,105,307.1,109,7,38,1950,1956,67.0,43.9
Derek WARWICK,4.959,106,549.5,64,11,148,1981,1993,67.9,50.0
Stefan JOHANSSON,4.949,107,303.5,111,8,79,1983,1991,72.0,37.9
Tony MAGGS,4.945,108,190.9,152,5,27,1961,1965,73.8,38.2
Kevin MAGNUSSEN,4.94,109,520.2,71,10,186,2014,2024,70.6,52.0
Tom PRYCE,4.93,110,175.7,159,4,42,1974,1977,68.6,43.9
Piers COURAGE,4.924,111,164.6,168,4,29,1967,1970,66.3,41.1
Carlos PACE,4.906,112,301.6,112,6,72,1972,1977,67.1,50.3
Eugenio CASTELLOTTI,4.882,113,134.4,186,3,14,1955,1957,63.6,44.8
Stuart LEWIS-EVANS,4.864,114,106.0,217,2,14,1957,1958,53.8,53.0
Jochen MASS,4.848,115,411.4,86,9,107,1973,1982,67.8,45.7
Karl KLING,4.844,116,102.0,221,2,11,1954,1955,52.2,51.0
Bob ANDERSON,4.807,117,163.3,169,5,25,1963,1967,49.0,32.7
Heikki KOVALAINEN,4.805,118,361.3,97,7,112,2007,2013,78.6,51.6
Yuki TSUNODA,4.785,119,292.9,116,5,105,2021,2025,60.7,58.6
Cristiano DA MATTA,4.758,120,105.6,218,2,28,2003,2004,66.6,52.8
Felice BONETTO,4.744,121,130.5,190,4,16,1950,1953,52.9,32.6
Roberto MIERES,4.734,122,139.7,181,3,17,1953,1955,65.3,46.6
Toulo DE GRAFFENRIED,4.699,123,170.8,162,6,22,1950,1956,53.0,28.5
Cliff ALLISON,4.69,124,111.4,210,4,17,1958,1961,53.7,27.9
Olivier GENDEBIEN,4.67,125,111.9,209,5,16,1956,1961,39.1,22.4
Isack HADJAR,4.67,125,65.7,272,1,15,2025,2025,65.7,65.7
Mark BLUNDELL,4.669,126,223.3,142,4,61,1991,1995,60.8,55.8
Andrea Kimi ANTONELLI,4.668,127,65.6,273,1,15,2025,2025,65.6,65.6
Philippe ÉTANCELIN,4.663,128,109.2,213,3,12,1950,1952,63.0,36.4
Cesare PERDISA,4.656,129,74.6,258,3,8,1955,1957,44.4,24.9
Carlos MENDITEGUY,4.65,130,89.3,230,7,11,1953,1960,35.8,12.8
Paco GODIA,4.641,131,99.8,223,5,13,1951,1958,43.7,20.0
Vic ELFORD,4.637,132,74.7,257,3,13,1968,1971,35.9,24.9
Richard ATTWOOD,4.635,133,100.5,222,5,17,1964,1969,51.5,20.1
Marc SURER,4.627,134,312.6,107,8,83,1979,1986,60.5,39.1
Johnny SERVOZ-GAVIN,4.625,135,62.8,278,4,11,1967,1970,28.0,15.7
Eddie CHEEVER,4.624,136,474.5,76,11,132,1978,1989,65.4,43.1
Takuma SATO,4.618,137,294.8,114,7,91,2002,2008,70.5,42.1
Carel Godin DE BEAUFORT,4.605,138,190.1,153,8,29,1957,1964,57.2,23.8
Masten GREGORY,4.602,139,277.0,119,8,42,1957,1965,49.9,34.6
Paul FRÈRE,4.599,140,89.6,229,5,11,1952,1956,22.4,17.9
Prince BIRA,4.594,141,143.4,179,5,19,1950,1954,46.1,28.7
Roy SALVADORI,4.588,142,327.4,103,11,50,1952,1962,63.9,29.8
Umberto MAGLIOLI,4.587,143,82.2,241,5,10,1953,1957,25.7,16.4
Sergio MANTOVANI,4.583,144,63.5,275,3,8,1953,1955,45.3,21.2
Guy LIGIER,4.58,145,83.9,238,2,13,1966,1967,44.0,42.0
Jim HALL,4.578,146,79.6,248,4,12,1960,1963,61.1,19.9
Yves CABANTOUS,4.576,147,107.8,215,4,13,1950,1953,48.7,26.9
Hans HERRMANN,4.575,148,125.8,193,8,18,1953,1961,40.3,15.7
Mike HAILWOOD,4.568,149,239.1,136,7,51,1963,1974,52.8,34.2
Liam LAWSON,4.564,150,88.3,231,3,26,2023,2025,59.8,29.4
Robert MANZON,4.558,151,214.8,147,7,29,1950,1956,60.2,30.7
Peter ARUNDELL,4.545,152,99.2,224,4,15,1962,1966,53.7,24.8
Antônio PIZZONIA,4.52,153,70.2,262,3,20,2003,2005,39.1,23.4
Chris IRWIN,4.519,154,60.0,286,2,10,1966,1967,51.6,30.0
Jean-Pierre JARIER,4.512,155,501.0,72,12,138,1971,1983,59.4,41.8
Ludovico SCARFIOTTI,4.511,156,77.6,251,6,13,1963,1968,18.5,12.9
Onofre MARIMÓN,4.51,157,84.1,237,3,12,1951,1954,42.8,28.0
Nelson PIQUET JR.,4.508,158,92.5,227,2,28,2008,2009,59.3,46.3
Trevor TAYLOR,4.502,159,165.4,166,5,27,1961,1966,60.5,33.1
Oliver BEARMAN,4.5,160,66.9,269,2,18,2024,2025,58.3,33.5
Sam HANKS,4.496,161,64.4,274,8,8,1950,1957,11.3,8.1
Ken WHARTON,4.491,162,114.6,205,4,16,1952,1955,35.1,28.7
Willy MAIRESSE,4.486,163,80.1,247,4,12,1960,1963,25.6,20.0
Adrian SUTIL,4.462,164,381.1,93,7,128,2007,2014,65.9,54.4
Christian KLIEN,4.434,165,161.2,171,4,51,2004,2010,59.0,40.3
Kamui KOBAYASHI,4.431,166,223.3,142,5,76,2009,2014,62.6,44.7
Jim RATHMANN,4.428,167,70.5,261,10,10,1950,1960,11.2,7.0
Duane CARTER,4.426,168,61.0,282,8,8,1950,1960,10.9,7.6
André SIMON,4.417,169,84.3,236,5,11,1951,1957,29.1,16.9
Bob BONDURANT,4.415,170,59.7,288,2,9,1965,1966,47.7,29.9
André PILETTE,4.412,171,76.8,253,5,11,1951,1964,30.8,15.4
Giorgio SCARLATTI,4.411,172,81.1,245,6,12,1956,1961,37.3,13.5
Kazuki NAKAJIMA,4.407,173,121.4,196,3,36,2007,2009,59.1,40.5
Christian FITTIPALDI,4.401,174,146.4,176,3,40,1992,1994,60.8,48.8
Louis CHIRON,4.394,175,120.8,197,5,16,1950,1956,51.7,24.2
John LOVE,4.392,176,49.9,310,9,9,1962,1972,8.4,5.5
John MILES,4.391,177,62.8,278,2,13,1969,1970,35.4,31.4
Reine WISELL,4.39,178,110.2,211,5,23,1970,1974,58.0,22.0
Tony BRISE,4.388,179,42.5,335,1,10,1975,1975,42.5,42.5
Ronnie BUCKNUM,4.38,180,66.2,271,3,11,1964,1966,34.9,22.1
Howden GANLEY,4.375,181,165.3,167,4,36,1971,1974,55.2,41.3
Jean-Christophe BOULLION,4.374,182,38.0,352,1,11,1995,1995,38.0,38.0
Andrea DE CESARIS,4.372,183,686.6,41,15,209,1980,1994,59.3,45.8
Johnny CLAES,4.37,184,174.0,161,5,24,1950,1955,54.0,34.8
Carroll SHELBY,4.37,184,48.7,314,2,8,1958,1959,28.5,24.3
Johnny DUMFRIES,4.365,185,53.7,300,1,15,1986,1986,53.7,53.7
Sébastien BOURDAIS,4.364,186,85.0,234,2,27,2008,2009,56.2,42.5
Ron FLOCKHART,4.364,186,84.7,235,6,13,1954,1960,37.8,14.1
Silvio MOSER,4.357,187,61.5,281,5,12,1967,1971,39.4,12.3
Antonio GIOVINAZZI,4.356,188,174.3,160,4,62,2017,2021,59.2,43.6
Jos VERSTAPPEN,4.353,189,352.1,100,8,107,1994,2003,57.9,44.0
Alessandro NANNINI,4.351,190,267.5,122,5,77,1986,1990,66.6,53.5
Jean-Éric VERGNE,4.336,191,169.8,163,3,58,2012,2014,60.8,56.6
Jimmy BRYAN,4.334,192,59.2,289,9,9,1952,1960,10.5,6.6
Stoffel VANDOORNE,4.333,193,118.2,199,3,42,2016,2018,58.1,39.4
Moisés SOLANA,4.327,194,45.0,328,6,8,1963,1968,13.0,7.5
Ricardo ZONTA,4.323,195,127.6,192,5,37,1999,2005,62.0,25.5
Vittorio BRAMBILLA,4.321,196,263.4,124,7,74,1974,1980,60.6,37.6
Bruce HALFORD,4.32,197,55.2,296,4,8,1956,1960,22.9,13.8
Brian REDMAN,4.314,198,54.0,298,5,12,1968,1974,20.6,10.8
Bruno GIACOMELLI,4.312,199,254.3,127,7,69,1977,1983,61.9,36.3
Gijs VAN LENNEP,4.312,199,33.0,369,4,8,1971,1975,12.8,8.3
Paul RUSSO,4.31,200,56.4,292,8,8,1950,1959,13.6,7.1
Mark DONOHUE,4.304,201,60.8,284,3,15,1971,1975,46.4,20.3
Derek DALY,4.303,202,184.2,154,5,49,1978,1982,57.7,36.8
Lucien BIANCHI,4.303,202,90.8,228,6,17,1960,1968,35.5,15.1
Luciano BURTI,4.299,203,48.9,313,2,15,2000,2001,45.5,24.5
Teo FABI,4.296,204,223.1,143,5,64,1982,1987,64.1,44.6
Jackie OLIVER,4.295,205,230.7,137,8,51,1967,1977,57.0,28.8
Rolf STOMMELEN,4.292,206,229.2,139,8,54,1970,1978,51.7,28.6
Gabriel BORTOLETO,4.291,207,55.3,295,1,15,2025,2025,55.3,55.3
Horace GOULD,4.276,208,113.1,207,6,17,1954,1960,38.6,18.9
Brian HENTON,4.274,209,68.8,267,4,20,1975,1982,49.5,17.2
Helmut MARKO,4.271,210,43.1,332,2,9,1971,1972,23.6,21.6
Pastor MALDONADO,4.269,211,269.3,120,5,96,2011,2015,58.4,53.9
Jyrki JÄRVILEHTO,4.259,212,215.2,146,6,62,1989,1994,58.0,35.9
Henry TAYLOR,4.254,213,53.6,301,3,9,1959,1961,28.4,17.9
Alex RIBEIRO,4.252,214,32.3,372,2,10,1976,1977,28.8,16.1
Gunnar NILSSON,4.249,215,111.9,209,2,32,1976,1977,62.0,56.0
Franco COLAPINTO,4.249,215,52.0,305,2,18,2024,2025,30.9,26.0
Ralph FIRMAN,4.241,216,47.2,318,1,14,2003,2003,47.2,47.2
Jackie LEWIS,4.235,217,63.5,275,2,10,1961,1962,32.9,31.8
Hans BINDER,4.233,218,41.5,341,2,13,1976,1977,34.8,20.7
Peter WHITEHEAD,4.224,219,75.8,256,5,11,1950,1954,27.0,15.2
Tony BETTENHAUSEN,4.219,220,69.3,265,11,11,1950,1960,13.6,6.3
Alan BROWN,4.215,221,60.9,283,4,10,1952,1956,31.4,15.2
Eddie JOHNSON,4.21,222,53.8,299,9,9,1952,1960,8.4,6.0
Justin WILSON,4.208,223,52.9,303,1,16,2003,2003,52.9,52.9
George EATON,4.208,223,47.2,318,3,11,1969,1971,31.4,15.7
Slim BORGUDD,4.208,223,34.6,361,2,10,1981,1982,23.7,17.3
Henri PESCAROLO,4.206,224,239.5,135,7,56,1968,1976,71.8,34.2
Johnnie PARSONS,4.203,225,58.5,290,9,9,1950,1958,13.6,6.5
Frank GARDNER,4.203,225,42.0,338,2,8,1964,1965,39.0,21.0
Brendon HARTLEY,4.2,226,62.9,277,2,25,2017,2018,53.1,31.4
Vitaly PETROV,4.199,227,166.2,164,3,58,2010,2012,63.1,55.4
Ricardo ZUNINO,4.197,228,36.4,358,3,10,1979,1981,20.8,12.1
Sébastien BUEMI,4.192,229,166.1,165,3,55,2009,2011,55.9,55.4
Jaime ALGUERSUARI,4.189,230,138.0,184,3,46,2009,2011,58.3,46.0
Don FREELAND,4.185,231,47.3,317,8,8,1953,1960,9.4,5.9
Robert DOORNBOS,4.185,231,30.7,376,2,11,2005,2006,20.9,15.4
Nyck DE VRIES,4.184,232,26.0,392,2,11,2022,2023,22.7,13.0
Scott SPEED,4.183,233,82.3,240,2,28,2006,2007,55.6,41.2
Patrick NÈVE,4.18,234,30.8,375,2,10,1976,1977,26.2,15.4
Pedro DINIZ,4.172,235,317.1,105,6,99,1995,2000,57.2,52.9
Fred AGABASHIAN,4.167,236,49.7,311,8,8,1950,1957,10.0,6.2
Lance MACKLIN,4.158,237,80.8,246,4,13,1952,1955,39.0,20.2
Ricardo ROSSET,4.157,238,86.9,232,2,27,1996,1998,53.1,43.4
George FOLLMER,4.155,239,41.0,342,1,12,1973,1973,41.0,41.0
Allan MCNISH,4.15,240,51.4,306,1,17,2002,2002,51.4,51.4
Jan MAGNUSSEN,4.147,241,76.7,254,3,25,1995,1998,50.9,25.6
Sergey SIROTKIN,4.138,242,51.1,307,1,21,2018,2018,51.1,51.1
Chico SERRA,4.133,243,62.7,279,3,19,1981,1983,28.6,20.9
Gastón MAZZACANE,4.131,244,63.0,276,2,21,2000,2001,52.1,31.5
Stefan BELLOF,4.128,245,66.8,270,2,21,1984,1985,33.8,33.4
Pierluigi MARTINI,4.125,246,385.3,92,9,120,1985,1995,57.3,42.8
Giancarlo BAGHETTI,4.121,247,139.5,182,7,26,1961,1967,40.4,19.9
Vern SCHUPPAN,4.113,248,28.3,384,3,9,1974,1977,15.9,9.4
Johnny THOMSON,4.105,249,44.7,329,8,8,1953,1960,10.4,5.6
Guanyu ZHOU,4.101,250,161.2,171,3,68,2022,2024,55.7,53.7
Pascal FABRE,4.097,251,33.7,366,1,11,1987,1987,33.7,33.7
Troy RUTTMAN,4.096,252,50.2,309,8,9,1950,1960,11.8,6.3
Marcus ERICSSON,4.093,253,252.3,129,5,97,2014,2018,59.1,50.5
Pedro DE LA ROSA,4.091,254,312.6,107,9,106,1999,2012,54.5,34.7
Danny SULLIVAN,4.091,254,49.6,312,1,15,1983,1983,49.6,49.6
Roberto MERHI,4.091,254,33.8,365,1,13,2015,2015,33.8,33.8
Patrick FRIESACHER,4.091,254,28.3,384,1,11,2005,2005,28.3,28.3
Satoru NAKAJIMA,4.088,255,249.0,131,5,75,1987,1991,57.9,49.8
Zsolt BAUMGARTNER,4.088,255,56.3,293,2,20,2003,2004,49.4,28.1
Luis PÉREZ-SALA,4.086,256,81.3,243,2,26,1988,1989,44.4,40.6
Giorgio PANTANO,4.082,257,38.3,351,1,14,2004,2004,38.3,38.3
Philippe STREIFF,4.074,258,183.2,155,5,54,1984,1988,55.8,36.6
Enrique BERNOLDI,4.062,259,81.6,242,2,28,2001,2002,49.4,40.8
Martin DONNELLY,4.058,260,45.7,323,2,15,1989,1990,41.8,22.8
Rodger WARD,4.056,261,63.5,275,11,12,1951,1963,17.5,5.8
Esteban TUERO,4.049,262,48.6,315,1,16,1998,1998,48.6,48.6
Yannick DALMAS,4.047,263,73.8,259,5,24,1987,1994,42.4,14.8
Jean-Marc GOUNON,4.044,264,26.0,392,2,9,1993,1994,20.3,13.0
Paolo BARILLA,4.044,264,26.0,392,2,9,1989,1990,24.6,13.0
Anthony DAVIDSON,4.034,265,68.2,268,4,24,2002,2008,51.0,17.0
Alex YOONG,4.025,266,42.1,337,2,15,2001,2002,34.3,21.1
Siegfried STOHR,4.018,267,27.1,387,1,9,1981,1981,27.1,27.1
Gene HARTLEY,4.016,268,42.1,337,8,8,1950,1960,8.3,5.3
Jo GARTNER,4.016,268,22.1,405,1,8,1984,1984,22.1,22.1
Jack FAIRMAN,4.01,269,69.5,264,8,13,1953,1961,19.3,8.7
Johnny CECOTTO,4.01,269,55.8,294,2,18,1983,1984,31.4,27.9
Érik COMAS,4.007,270,199.5,149,4,60,1991,1994,56.7,49.9
Fabrizio BARBAZZA,4.003,271,21.9,407,1,8,1993,1993,21.9,21.9
Maurício GUGELMIN,3.999,272,244.9,133,5,75,1988,1992,59.8,49.0
Jan LAMMERS,3.998,273,77.9,250,5,24,1979,1992,40.0,15.6
Mike BEUTTLER,3.993,274,102.7,220,3,28,1971,1973,46.0,34.2
Timo GLOCK,3.989,275,264.5,123,6,95,2004,2012,67.5,44.1
David PURLEY,3.988,276,21.8,408,2,8,1973,1977,13.5,10.9
Hans-Joachim STUCK,3.984,277,254.0,128,6,77,1974,1979,58.1,42.3
Felipe NASR,3.979,278,109.7,212,2,40,2015,2016,61.4,54.8
Esteban GUTIÉRREZ,3.978,279,158.9,172,3,59,2013,2016,54.5,53.0
Will STEVENS,3.977,280,47.2,318,2,19,2014,2015,44.7,23.6
Jean-Pierre JABOUILLE,3.975,281,178.0,158,6,50,1975,1981,54.9,29.7
Tony SETTEMBER,3.972,282,40.5,343,2,9,1962,1963,25.5,20.2
Harald ERTL,3.97,283,59.9,287,4,20,1975,1978,33.0,15.0
Olivier BERETTA,3.97,283,27.5,386,1,10,1994,1994,27.5,27.5
Gianmaria BRUNI,3.969,284,46.8,319,1,18,2004,2004,46.8,46.8
Derek BELL,3.965,285,31.2,374,6,9,1968,1974,9.7,5.2
Gianni MORBIDELLI,3.958,286,218.1,145,6,68,1990,1997,52.9,36.3
Guy EDWARDS,3.958,286,35.2,360,2,12,1974,1976,25.5,17.6
Raul BOESEL,3.957,287,70.5,261,2,23,1982,1983,43.3,35.2
Bernd SCHNEIDER,3.937,288,23.6,398,3,9,1988,1990,15.7,7.9
Tarso MARQUES,3.936,289,69.2,266,3,25,1996,2001,38.3,23.1
David WALKER,3.936,289,40.1,344,2,11,1971,1972,37.3,20.0
Larry PERKINS,3.928,290,29.2,382,2,11,1976,1977,21.3,14.6
Bob EVANS,3.926,291,29.4,381,2,10,1975,1976,23.2,14.7
Shinji NAKANO,3.914,292,109.0,214,2,33,1997,1998,56.0,54.5
Brian NAYLOR,3.898,293,33.5,367,5,8,1957,1961,16.7,6.7
Nanni GALLI,3.897,294,57.4,291,3,16,1971,1973,25.7,19.1
Pedro LAMY,3.895,295,107.3,216,4,32,1993,1996,55.6,26.8
Lella LOMBARDI,3.892,296,39.1,347,2,13,1975,1976,32.5,19.5
Jonathan PALMER,3.89,297,359.6,98,9,121,1983,2017,60.4,40.0
Dave CHARLTON,3.886,298,37.1,356,8,11,1967,1975,7.3,4.6
Corrado FABI,3.885,299,36.5,357,2,13,1983,1984,25.7,18.2
Karl WENDLINGER,3.871,300,138.8,183,5,42,1991,1995,60.0,27.8
Marc GENÉ,3.868,301,116.9,201,4,36,1999,2004,52.6,29.2
Eliseo SALAZAR,3.862,302,69.8,263,3,24,1981,1983,37.4,23.3
Rupert KEEGAN,3.859,303,76.5,255,4,27,1977,1982,36.2,19.1
Rikky VON OPEL,3.852,304,29.7,379,2,11,1973,1974,18.2,14.8
Ian SCHECKTER,3.849,305,48.6,315,4,18,1974,1977,33.5,12.1
Ian BURGESS,3.841,306,115.8,203,6,24,1958,1963,27.6,19.3
Rio HARYANTO,3.838,307,23.3,399,1,12,2016,2016,23.3,23.3
Hector REBAQUE,3.835,308,144.6,178,5,41,1977,1981,55.2,28.9
François MIGAULT,3.832,309,40.1,344,3,14,1972,1975,28.8,13.4
Karun CHANDHOK,3.831,310,23.0,401,2,11,2010,2011,21.1,11.5
Ivan CAPELLI,3.821,311,294.0,115,9,95,1985,1993,59.2,32.7
Nikita MAZEPIN,3.81,312,43.7,330,1,22,2021,2021,43.7,43.7
Taki INOUE,3.809,313,45.3,326,2,18,1994,1995,43.9,22.7
Vitantonio LIUZZI,3.805,314,220.7,144,6,80,2005,2011,56.8,36.8
Stefano MODENA,3.8,315,229.8,138,6,73,1987,1992,63.6,38.3
Roberto GUERRERO,3.796,316,62.0,280,2,22,1982,1983,38.2,31.0
Giedo VAN DER GARDE,3.794,317,42.6,334,1,19,2013,2013,42.6,42.6
Oscar LARRAURI,3.793,318,17.2,429,1,8,1988,1988,17.2,17.2
Allen BERG,3.79,319,20.2,415,1,9,1986,1986,20.2,20.2
Ukyo KATAYAMA,3.786,320,285.9,118,6,95,1992,1997,56.4,47.7
Tiago MONTEIRO,3.784,321,105.5,219,2,37,2005,2006,57.2,52.8
François HESNAULT,3.782,322,50.3,308,2,19,1984,1985,42.9,25.1
Tony MARSH,3.778,323,36.0,359,4,9,1957,1962,12.7,9.0
Huub ROTHENGATTER,3.776,324,70.8,260,3,26,1984,1986,27.1,23.6
Philippe ALLIOT,3.772,325,332.9,102,9,110,1984,1994,51.4,37.0
Alex CAFFI,3.769,326,179.0,157,6,56,1986,1991,51.3,29.8
Luca BADOER,3.764,327,163.3,169,5,52,1993,2009,53.8,32.7
Éric BERNARD,3.743,328,145.5,177,4,45,1989,1994,55.2,36.4
Wolfgang SEIDEL,3.735,329,48.0,316,5,12,1953,1962,14.6,9.6
David BRABHAM,3.71,330,62.8,278,2,24,1990,1994,45.3,31.4
Jérôme D'AMBROSIO,3.694,331,42.5,335,2,20,2011,2012,39.5,21.2
Brett LUNGER,3.658,332,115.7,204,4,36,1975,1978,36.6,28.9
Sakon YAMAMOTO,3.653,333,46.6,321,3,21,2006,2010,16.5,15.5
Nicholas LATIFI,3.648,334,148.6,174,3,61,2020,2022,51.2,49.5
Alessandro ZANARDI,3.631,335,133.6,187,5,42,1991,1999,57.2,26.7
Aguri SUZUKI,3.625,336,201.1,148,7,66,1988,1995,51.5,28.7
Wilson FITTIPALDI,3.618,337,130.9,189,3,35,1972,1975,55.5,43.6
Bruno SENNA,3.603,338,118.6,198,3,46,2010,2012,58.4,39.5
Adrián CAMPOS,3.596,339,41.9,339,2,18,1987,1988,37.4,20.9
Lucas DI GRASSI,3.592,340,37.6,354,1,19,2010,2010,37.6,37.6
Andrea MONTERMINI,3.589,341,53.5,302,3,23,1994,1996,39.6,17.8
Peter GETHIN,3.549,342,129.9,191,5,30,1970,1974,59.6,26.0
Roberto MORENO,3.537,343,131.4,188,6,43,1987,1995,54.9,21.9
Christijan ALBERS,3.512,344,124.5,195,3,46,2005,2007,52.6,41.5
Mauro BALDI,3.512,344,116.4,202,4,36,1982,1985,51.7,29.1
Tim SCHENKEN,3.51,345,140.6,180,5,34,1970,1974,52.6,28.1
Manfred WINKELHOCK,3.489,346,155.2,173,5,50,1982,2007,47.8,31.0
Andrea DE ADAMICH,3.463,347,125.5,194,5,31,1968,1973,48.3,25.1
Toranosuke TAKAGI,3.432,348,99.8,223,2,32,1998,1999,51.6,49.9
Emanuele PIRRO,3.414,349,113.8,206,3,37,1989,1991,46.2,37.9
Nicola LARINI,3.398,350,148.3,175,8,50,1987,1997,54.7,18.5
Pascal WEHRLEIN,3.398,350,93.0,226,2,39,2016,2017,47.6,46.5
Logan SARGEANT,3.348,351,77.1,252,2,36,2023,2024,50.0,38.6
Christian DANNER,3.338,352,112.0,208,4,37,1985,1989,46.4,28.0
Arturo MERZARIO,3.254,353,175.7,159,8,58,1972,1979,45.5,22.0
Bertrand GACHOT,3.226,354,134.5,185,5,47,1989,1995,42.5,26.9
Olivier GROUILLARD,3.117,355,117.3,200,4,41,1989,1992,43.5,29.3
Gabriele TARQUINI,3.035,356,107.3,216,7,38,1987,1995,33.6,15.3
Jules BIANCHI,3.005,357,81.2,244,2,34,2013,2014,43.5,40.6
Piercarlo GHINZANI,2.797,358,197.5,150,8,79,1981,1989,45.0,24.7
Max CHILTON,2.792,359,79.3,249,2,35,2013,2014,41.5,39.7
Narain KARTHIKEYAN,2.731,360,98.4,225,3,46,2005,2012,52.5,32.8
Charles PIC,2.703,361,83.5,239,2,39,2012,2013,43.1,41.7
Luigi FAGIOLI,,362,85.8,233,2,0,1950,1951,76.6,42.9
Bob GERARD,,362,61.0,282,6,0,1950,1957,21.8,10.2
Reg PARNELL,,362,60.9,283,4,0,1950,1954,25.4,15.2
Rudi FISCHER,,362,60.4,285,2,0,1951,1952,41.9,30.2
Jack MCGRATH,,362,54.3,297,6,0,1950,1955,11.5,9.0
Pierre LEVEGH,,362,52.6,304,2,0,1950,1951,28.8,26.3
Hernando DA SILVA RAMOS,,362,50.3,308,2,0,1955,1956,25.8,25.2
Mike PARKES,,362,46.7,320,2,0,1966,1967,34.7,23.4
Raymond SOMMER,,362,46.6,321,1,0,1950,1950,46.6,46.6
Luigi PIOTTI,,362,46.0,322,3,0,1955,1957,21.9,15.3
Jacques SWATERS,,362,45.6,324,3,0,1951,1954,19.1,15.2
Élie BAYOL,,362,45.5,325,5,0,1952,1956,15.1,9.1
Consalvo SANESI,,362,45.1,327,2,0,1950,1951,39.2,22.5
Walt FAULKNER,,362,43.6,331,5,0,1950,1955,12.0,8.7
Ricardo RODRÍGUEZ,,362,43.0,333,2,0,1961,1962,35.8,21.5
Alan STACEY,,362,42.2,336,3,0,1958,1960,24.7,14.1
Chico LANDI,,362,41.9,339,4,0,1951,1956,17.0,10.5
Andy LINDEN,,362,41.8,340,7,0,1951,1957,11.5,6.0
Pat FLAHERTY,,362,41.0,342,6,0,1950,1959,12.3,6.8
Alfonso DE PORTAGO,,362,40.0,345,2,0,1956,1957,29.7,20.0
Kenneth MCALPINE,,362,40.0,345,3,0,1952,1955,20.0,13.3
Gerino GERINI,,362,39.6,346,2,0,1956,1958,21.1,19.8
Jimmy REECE,,362,38.9,348,6,0,1952,1958,8.5,6.5
David HOBBS,,362,38.5,349,4,0,1967,1974,18.4,9.6
Hap SHARP,,362,38.4,350,4,0,1961,1964,11.9,9.6
Franco ROL,,362,37.7,353,3,0,1950,1952,24.4,12.6
Jacques POLLET,,362,37.3,355,2,0,1954,1955,26.9,18.7
Bob SWEIKERT,,362,34.5,362,5,0,1952,1956,12.7,6.9
Pete LOVELY,,362,34.5,362,4,0,1960,1971,17.8,8.6
Jimmy DAVIES,,362,34.3,363,5,0,1950,1955,12.4,6.9
Bill VUKOVICH,,362,34.0,364,5,0,1951,1955,10.9,6.8
Bob VEITH,,362,33.7,366,5,0,1956,1960,8.5,6.7
John TAYLOR,,362,33.5,367,2,0,1964,1966,28.2,16.7
Johnny BOYD,,362,33.5,367,6,0,1955,1960,10.4,5.6
Pat O'CONNOR,,362,33.4,368,5,0,1954,1958,10.1,6.7
Jimmy DAYWALT,,362,32.6,370,6,0,1953,1959,9.6,5.4
Ivor BUEB,,362,32.5,371,3,0,1957,1959,16.3,10.8
Edgar BARTH,,362,32.3,372,6,0,1953,1964,7.9,5.4
Duncan HAMILTON,,362,31.3,373,3,0,1951,1953,14.2,10.4
Art CROSS,,362,31.2,374,4,0,1952,1955,9.8,7.8
Eugène CHABOUD,,362,30.5,377,2,0,1950,1951,21.6,15.2
Eric BRANDON,,362,30.4,378,2,0,1952,1954,29.2,15.2
Clemar BUCCI,,362,29.7,379,2,0,1954,1955,20.4,14.8
Sam TINGLE,,362,29.6,380,6,0,1962,1969,6.3,4.9
Peter WALKER,,362,29.2,382,3,0,1950,1955,14.1,9.7
Manny AYULO,,362,28.7,383,4,0,1951,1954,11.5,7.2
Peter HIRT,,362,27.8,385,3,0,1951,1953,17.9,9.3
Cuth HARRISON,,362,26.6,388,1,0,1950,1950,26.6,26.6
Chris BRISTOW,,362,26.3,389,2,0,1959,1960,19.0,13.1
Bob CHRISTIE,,362,26.2,390,5,0,1956,1960,6.7,5.2
Chuck STEVENSON,,362,26.1,391,5,0,1951,1960,7.5,5.2
Gerhard MITTER,,362,25.8,393,3,0,1963,1965,13.0,8.6
Nino VACCARELLA,,362,24.7,394,3,0,1961,1965,13.6,8.2
David MURRAY,,362,24.3,395,3,0,1950,1952,16.5,8.1
Mário de Araújo CABRAL,,362,24.3,395,4,0,1959,1964,7.4,6.1
Guy MAIRESSE,,362,24.1,396,2,0,1950,1951,14.6,12.0
Mike NAZARUK,,362,23.9,397,3,0,1951,1954,11.4,8.0
Dick RATHMANN,,362,23.6,398,5,0,1950,1960,10.8,4.7
Toni BRANCA,,362,23.3,399,2,0,1950,1951,18.7,11.6
Ottorino VOLONTERIO,,362,23.2,400,3,0,1954,1957,8.8,7.7
Michel LECLÈRE,,362,22.6,402,2,0,1975,1976,19.9,11.3
Peter DE KLERK,,362,22.4,403,4,0,1963,1970,6.4,5.6
Lee WALLARD,,362,22.2,404,2,0,1950,1951,12.2,11.1
Chuck DAIGH,,362,22.1,405,1,0,1960,1960,22.1,22.1
Fred WACKER,,362,22.0,406,2,0,1953,1954,14.4,11.0
Jack DOOHAN,,362,22.0,406,2,0,2024,2025,19.9,11.0
Paul BELMONDO,,362,22.0,406,2,0,1992,1994,17.5,11.0
Al HERMAN,,362,21.8,408,5,0,1955,1960,10.4,4.4
George CONNOR,,362,21.7,409,3,0,1950,1952,11.2,7.2
Al KELLER,,362,21.5,410,5,0,1955,1959,5.8,4.3
Gino MUNARON,,362,21.3,411,1,0,1960,1960,21.3,21.3
Ignazio GIUNTI,,362,21.2,412,1,0,1970,1970,21.2,21.2
Mauri ROSE,,362,21.0,413,2,0,1950,1951,13.1,10.5
Julian BAILEY,,362,20.9,414,2,0,1988,1991,16.6,10.4
Renzo ZORZI,,362,20.9,414,3,0,1975,1977,13.1,7.0
Duke NALON,,362,20.2,415,3,0,1951,1953,9.5,6.7
Giulio CABIANCA,,362,20.2,415,3,0,1958,1960,8.9,6.7
Gregor FOITEK,,362,19.8,416,1,0,1990,1990,19.8,19.8
Tony ROLT,,362,19.8,416,3,0,1950,1955,7.2,6.6
Eddie SACHS,,362,19.6,417,4,0,1957,1960,6.4,4.9
Giovanni LAVAGGI,,362,19.0,418,2,0,1995,1996,9.8,9.5
Walt HANSGEN,,362,19.0,418,3,0,1961,1964,7.7,6.3
Fritz D'OREY,,362,18.9,419,1,0,1959,1959,18.9,18.9
Massimiliano PAPIS,,362,18.8,420,1,0,1995,1995,18.8,18.8
Henry BANKS,,362,18.4,421,3,0,1950,1952,9.3,6.1
Cliff GRIFFITH,,362,18.3,422,3,0,1951,1956,9.1,6.1
John CAMPBELL-JONES,,362,18.3,422,3,0,1961,1963,9.2,6.1
Alex SOLER-ROIG,,362,18.2,423,2,0,1971,1972,13.4,9.1
Bill HOMEIER,,362,18.2,423,3,0,1954,1960,12.0,6.1
Brian SHAWE TAYLOR,,362,18.0,424,2,0,1950,1951,9.1,9.0
Dennis POORE,,362,18.0,424,1,0,1952,1952,18.0,18.0
Paul HAWKINS,,362,17.9,425,1,0,1965,1965,17.9,17.9
Skip BARBER,,362,17.9,425,2,0,1971,1972,10.9,8.9
Bill HOLLAND,,362,17.7,426,2,0,1950,1953,12.8,8.8
Gino BIANCO,,362,17.7,426,1,0,1952,1952,17.7,17.7
Paul GOLDSMITH,,362,17.6,427,3,0,1958,1960,8.6,5.9
Nicolas KIESA,,362,17.4,428,1,0,2003,2003,17.4,17.4
Bill SCHINDLER,,362,17.2,429,3,0,1950,1952,7.2,5.7
Geoff CROSSLEY,,362,17.1,430,1,0,1950,1950,17.1,17.1
Alberto URIA,,362,17.0,431,2,0,1955,1956,9.7,8.5
Bernard COLLOMB,,362,16.9,432,3,0,1961,1963,8.1,5.6
Chuck WEYANT,,362,16.9,432,4,0,1955,1959,7.7,4.2
Emanuele NASPETTI,,362,16.9,432,2,0,1992,1993,15.6,8.4
Ken DOWNING,,362,16.9,432,1,0,1952,1952,16.9,16.9
Cecil GREEN,,362,16.8,433,2,0,1950,1951,11.9,8.4
David HAMPSHIRE,,362,16.7,434,1,0,1950,1950,16.7,16.7
Maria DE FILIPPIS,,362,16.6,435,1,0,1958,1958,16.6,16.6
Roger LAURENT,,362,16.5,436,1,0,1952,1952,16.5,16.5
Roger PENSKE,,362,16.5,436,2,0,1961,1962,8.8,8.3
Charles DE TORNACO,,362,16.2,437,1,0,1952,1952,16.2,16.2
Marshall TEAGUE,,362,16.1,438,3,0,1953,1957,8.0,5.4
Cal NIDAY,,362,16.0,439,3,0,1953,1955,7.9,5.3
Geoff LEES,,362,16.0,439,3,0,1979,1982,6.5,5.3
Alessandro DE TOMASO,,362,15.9,440,2,0,1957,1959,8.8,8.0
Duke DINSMORE,,362,15.9,440,4,0,1950,1956,6.0,4.0
Hermann LANG,,362,15.9,440,2,0,1953,1954,9.0,8.0
Jack TURNER,,362,15.9,440,4,0,1956,1959,7.6,4.0
Domenico SCHIATTARELLA,,362,15.8,441,2,0,1994,1995,11.7,7.9
Franck MONTAGNY,,362,15.7,442,1,0,2006,2006,15.7,15.7
Eugène MARTIN,,362,15.6,443,1,0,1950,1950,15.6,15.6
Tony GAZE,,362,15.3,444,1,0,1952,1952,15.3,15.3
Jerry HOYT,,362,15.2,445,4,0,1950,1955,5.5,3.8
Colin DAVIS,,362,15.1,446,2,0,1959,1962,11.2,7.6
Michael MAY,,362,15.1,446,1,0,1961,1961,15.1,15.1
Ed ELISIAN,,362,14.8,447,5,0,1954,1958,4.3,3.0
Eric VAN DE POELE,,362,14.8,447,2,0,1991,1992,10.8,7.4
Anthony FOYT,,362,14.7,448,3,0,1958,1960,7.2,4.9
Keith GREENE,,362,14.7,448,3,0,1960,1962,6.4,4.9
Ian RABY,,362,14.6,449,3,0,1963,1965,6.0,4.9
Travis WEBB,,362,14.5,450,4,0,1950,1954,5.9,3.6
Joe KELLY,,362,14.3,451,2,0,1950,1951,7.9,7.2
Ian ASHLEY,,362,14.2,452,4,0,1974,1977,7.0,3.5
Lloyd RUBY,,362,14.2,452,2,0,1960,1961,7.5,7.1
Toni ULMEN,,362,14.2,452,1,0,1952,1952,14.2,14.2
Paul PIETSCH,,362,14.1,453,3,0,1950,1952,7.1,4.7
Theo HELFRICH,,362,14.1,453,3,0,1952,1954,5.7,4.7
Norberto FONTANA,,362,13.9,454,1,0,1997,1997,13.9,13.9
Alexander ROSSI,,362,13.3,455,1,0,2015,2015,13.3,13.3
Dorino SERAFINI,,362,13.2,456,1,0,1950,1950,13.2,13.2
Chris LAWRENCE,,362,12.9,457,1,0,1966,1966,12.9,12.9
Shorty TEMPLEMAN,,362,12.9,457,3,0,1955,1960,4.9,4.3
Henri LOUVEAU,,362,12.8,458,2,0,1950,1951,6.7,6.4
Doug SERRURIER,,362,12.7,459,2,0,1962,1963,6.6,6.3
Ernie MCCOY,,362,12.7,459,2,0,1953,1954,7.5,6.4
Joe JAMES,,362,12.7,459,2,0,1951,1952,7.2,6.4
Alan REES,,362,12.6,460,1,0,1967,1967,12.6,12.6
Eitel CANTONI,,362,12.6,460,1,0,1952,1952,12.6,12.6
Don BRANSON,,362,12.4,461,2,0,1959,1960,8.6,6.2
Jorge DAPONTE,,362,12.4,461,1,0,1954,1954,12.4,12.4
Pablo BIRGER,,362,12.4,461,2,0,1953,1955,6.4,6.2
Bill BRACK,,362,12.3,462,3,0,1968,1972,6.2,4.1
David PIPER,,362,12.3,462,2,0,1959,1960,8.6,6.2
Nasif ESTÉFANO,,362,12.3,462,2,0,1960,1963,7.1,6.2
Carl SCARBOROUGH,,362,12.2,463,2,0,1951,1953,6.4,6.1
Eddie RUSSO,,362,12.2,463,4,0,1955,1960,5.3,3.0
Franco COMOTTI,,362,12.2,463,2,0,1950,1952,7.5,6.1
Walt BROWN,,362,12.2,463,3,0,1950,1976,5.7,4.1
George ABECASSIS,,362,12.1,464,2,0,1951,1952,6.5,6.0
Ernie PIETERSE,,362,12.0,465,2,0,1962,1963,7.5,6.0
Hans VON STUCK,,362,12.0,465,2,0,1952,1953,6.2,6.0
Joie CHITWOOD,,362,11.8,466,1,0,1950,1950,11.8,11.8
Max DE TERRA,,362,11.8,466,2,0,1952,1953,7.6,5.9
Neville LEDERLE,,362,11.7,467,2,0,1962,1963,8.8,5.9
Giacomo RUSSO,,362,11.4,468,2,0,1965,1966,7.2,5.7
Johnnie TOLAN,,362,11.4,468,3,0,1956,1958,4.3,3.8
Leslie MARR,,362,11.4,468,2,0,1954,1955,5.9,5.7
Gerry ASHMORE,,362,11.1,469,2,0,1961,1962,8.2,5.5
Arthur LEGAT,,362,11.0,470,2,0,1952,1953,6.8,5.5
Ernst KLODWIG,,362,11.0,470,2,0,1952,1953,6.4,5.5
Willi HEEKS,,362,11.0,470,2,0,1952,1953,7.5,5.5
Charles POZZI,,362,10.8,471,1,0,1950,1950,10.8,10.8
Eddie KEIZAN,,362,10.7,472,3,0,1973,1975,3.8,3.6
John FITCH,,362,10.7,472,2,0,1953,1955,9.3,5.4
Les LESTON,,362,10.7,472,2,0,1956,1957,6.9,5.3
Ingo HOFFMANN,,362,10.6,473,2,0,1976,1977,6.8,5.3
Jackie PRETORIUS,,362,10.6,473,3,0,1968,1973,5.0,3.5
David PROPHET,,362,10.5,474,2,0,1963,1965,5.3,5.2
Nello PAGANI,,362,10.5,474,1,0,1950,1950,10.5,10.5
Bill CHEESBOURG,,362,10.4,475,3,0,1957,1959,4.8,3.5
Bobby BALL,,362,10.4,475,2,0,1951,1952,8.6,5.2
Eric THOMPSON,,362,10.3,476,1,0,1952,1952,10.3,10.3
Lance REVENTLOW,,362,10.2,477,1,0,1960,1960,10.2,10.2
Roelof WUNDERINK,,362,10.1,478,1,0,1975,1975,10.1,10.1
Jo SCHLESSER,,362,10.0,479,3,0,1967,1988,4.0,3.3
Mike FISHER,,362,9.9,480,1,0,1967,1967,9.9,9.9
Vic WILSON,,362,9.9,480,2,0,1960,1966,5.3,5.0
Al PEASE,,362,9.8,481,2,0,1967,1969,4.9,4.9
Hubert HAHNE,,362,9.8,481,2,0,1967,1968,5.3,4.9
Roberto BUSSINELLO,,362,9.8,481,3,0,1961,1965,5.4,3.3
Danny ONGAIS,,362,9.7,482,2,0,1977,1978,5.2,4.9
Mike SPARKEN,,362,9.7,482,1,0,1955,1955,9.7,9.7
Rudolf KRAUSE,,362,9.7,482,2,0,1952,1953,5.3,4.9
Yuji IDE,,362,9.7,482,1,0,2006,2006,9.7,9.7
Óscar GONZÁLEZ,,362,9.7,482,1,0,1956,1956,9.7,9.7
Fritz RIESS,,362,9.4,483,1,0,1952,1952,9.4,9.4
Alessandro PESENTI-ROSSI,,362,9.2,484,1,0,1976,1976,9.2,9.2
Jesús IGLESIAS,,362,9.2,484,1,0,1955,1955,9.2,9.2
Mike MACDOWEL,,362,9.2,484,1,0,1957,1957,9.2,9.2
Oscar GÁLVEZ,,362,9.2,484,1,0,1953,1953,9.2,9.2
Tim PARNELL,,362,9.2,484,1,0,1961,1961,9.2,9.2
Gene FORCE,,362,9.0,485,2,0,1951,1960,7.3,4.5
Johnny MCDOWELL,,362,9.0,485,3,0,1950,1952,4.7,3.0
Myron FOHR,,362,9.0,485,1,0,1950,1950,9.0,9.0
Piero CARINI,,362,9.0,485,2,0,1952,1953,6.0,4.5
Richard ROBARTS,,362,9.0,485,1,0,1974,1974,9.0,9.0
Joe FRY,,362,8.9,486,1,0,1950,1950,8.9,8.9
Tomáš ENGE,,362,8.8,487,1,0,2001,2001,8.8,8.8
Mike WILDS,,362,8.7,488,2,0,1974,1975,5.3,4.4
Peter RYAN,,362,8.7,488,1,0,1961,1961,8.7,8.7
Billy GARRETT,,362,8.6,489,2,0,1956,1958,5.1,4.3
Mack HELLINGS,,362,8.6,489,2,0,1950,1951,7.2,4.3
Basil VAN ROOYEN,,362,8.5,490,2,0,1968,1969,4.6,4.2
Beppe GABBIANI,,362,8.5,490,1,0,1981,1981,8.5,8.5
Hans KLENK,,362,8.5,490,1,0,1952,1952,8.5,8.5
Carl FORBERG,,362,8.4,491,1,0,1951,1951,8.4,8.4
Ray CRAWFORD,,362,8.4,491,3,0,1955,1959,4.0,2.8
André MILHOUX,,362,8.3,492,1,0,1956,1956,8.3,8.3
Bobby GRIM,,362,8.3,492,2,0,1959,1960,4.7,4.2
Herbert MACKAY-FRASER,,362,8.2,493,1,0,1957,1957,8.2,8.2
Harry BLANCHARD,,362,8.1,494,1,0,1959,1959,8.1,8.1
Loris KESSEL,,362,8.1,494,1,0,1976,1976,8.1,8.1
Graham WHITEHEAD,,362,7.9,495,1,0,1952,1952,7.9,7.9
Helmut NIEDERMAYR,,362,7.9,495,1,0,1952,1952,7.9,7.9
Jud LARSON,,362,7.9,495,2,0,1958,1959,6.2,4.0
Kurt AHRENS,,362,7.9,495,2,0,1967,1968,5.0,4.0
George FONDER,,362,7.8,496,2,0,1952,1954,6.8,3.9
Jackie HOLMES,,362,7.8,496,2,0,1950,1953,4.6,3.9
John BARBER,,362,7.8,496,1,0,1953,1953,7.8,7.8
Kenny ACHESON,,362,7.8,496,2,0,1983,1985,4.2,3.9
Dries VAN DER LOF,,362,7.7,497,1,0,1952,1952,7.7,7.7
Jean-Denis DÉLÉTRAZ,,362,7.7,497,2,0,1994,1995,4.8,3.8
Mike MAGILL,,362,7.6,498,3,0,1957,1959,3.6,2.5
Piero SCOTTI,,362,7.6,498,1,0,1956,1956,7.6,7.6
Albert SCHERRER,,362,7.4,499,1,0,1953,1953,7.4,7.4
Bruce JOHNSTONE,,362,7.4,499,1,0,1962,1962,7.4,7.4
Jimmy JACKSON,,362,7.4,499,2,0,1950,1954,6.5,3.7
Desmond TITTERINGTON,,362,7.3,500,1,0,1956,1956,7.3,7.3
Keith ANDREWS,,362,7.3,500,2,0,1955,1956,4.5,3.7
Rodney NUCKEY,,362,7.3,500,2,0,1953,1954,6.6,3.7
George AMICK,,362,7.2,501,1,0,1958,1958,7.2,7.2
Rob SCHROEDER,,362,7.2,501,1,0,1962,1962,7.2,7.2
Mike TAYLOR,,362,7.1,502,2,0,1959,1960,4.1,3.5
Patrick GAILLARD,,362,7.1,502,1,0,1979,1979,7.1,7.1
Piero DROGO,,362,7.1,502,1,0,1960,1960,7.1,7.1
Sam POSEY,,362,7.1,502,2,0,1971,1972,4.7,3.6
Don BEAUMAN,,362,6.9,503,1,0,1954,1954,6.9,6.9
Peter BROEKER,,362,6.9,503,1,0,1963,1963,6.9,6.9
Riccardo PALETTI,,362,6.9,503,1,0,1982,1982,6.9,6.9
Alberto Rodriguez LARRETA,,362,6.8,504,1,0,1960,1960,6.8,6.8
Larry CROCKETT,,362,6.8,504,1,0,1954,1954,6.8,6.8
Red AMICK,,362,6.8,504,2,0,1959,1960,5.8,3.4
Renato PIROCCHI,,362,6.8,504,1,0,1961,1961,6.8,6.8
Fred GAMBLE,,362,6.7,505,1,0,1960,1960,6.7,6.7
Alfonso THIELE,,362,6.6,506,2,0,1960,1961,6.5,3.3
Eppie WIETZES,,362,6.6,506,2,0,1967,1974,5.2,3.3
Jim RIGSBY,,362,6.6,506,1,0,1952,1952,6.6,6.6
Aldo GORDINI,,362,6.5,507,1,0,1951,1951,6.5,6.5
Toshio SUZUKI,,362,6.5,507,1,0,1993,1993,6.5,6.5
Dick GIBSON,,362,6.4,508,2,0,1957,1958,3.4,3.2
Jonathan WILLIAMS,,362,6.4,508,1,0,1967,1967,6.4,6.4
Robert O'BRIEN,,362,6.4,508,1,0,1952,1952,6.4,6.4
Robin MONTGOMERIE-CHARRINGTON,,362,6.4,508,1,0,1952,1952,6.4,6.4
Georges GRIGNARD,,362,6.3,509,1,0,1951,1951,6.3,6.3
Heini WALTER,,362,6.3,509,1,0,1962,1962,6.3,6.3
Kazuyoshi HOSHINO,,362,6.3,509,2,0,1976,1977,3.9,3.2
Luki BOTHA,,362,6.3,509,1,0,1967,1967,6.3,6.3
Bobby RAHAL,,362,6.2,510,1,0,1978,1978,6.2,6.2
Franck LAGORCE,,362,6.2,510,1,0,1994,1994,6.2,6.2
Roberto BONOMI,,362,6.2,510,1,0,1960,1960,6.2,6.2
Andrea CHIESA,,362,6.1,511,1,0,1992,1992,6.1,6.1
Bob SCOTT,,362,6.1,511,3,0,1952,1954,2.5,2.0
Peter ASHDOWN,,362,6.1,511,1,0,1959,1959,6.1,6.1
Roger LOYER,,362,6.1,511,1,0,1954,1954,6.1,6.1
Adolf BRUDES,,362,6.0,512,1,0,1952,1952,6.0,6.0
Colin CHAPMAN,,362,6.0,512,1,0,1956,1956,6.0,6.0
Jan FLINTERMAN,,362,6.0,512,1,0,1952,1952,6.0,6.0
Philip FOTHERINGHAM-PARKER,,362,6.0,512,1,0,1951,1951,6.0,6.0
Tommy BYRNE,,362,6.0,512,1,0,1982,1982,6.0,6.0
Bud TINGELSTAD,,362,5.9,513,1,0,1960,1960,5.9,5.9
Helmuth KOINIGG,,362,5.9,513,1,0,1974,1974,5.9,5.9
Jim CRAWFORD,,362,5.9,513,1,0,1975,1975,5.9,5.9
Mike HARRIS,,362,5.9,513,1,0,1962,1962,5.9,5.9
Timmy MAYER,,362,5.9,513,1,0,1962,1962,5.9,5.9
Adolfo CRUZ,,362,5.8,514,1,0,1953,1953,5.8,5.8
Leslie JOHNSON,,362,5.8,514,1,0,1950,1950,5.8,5.8
Noritake TAKAHARA,,362,5.8,514,2,0,1976,1977,3.9,2.9
Trevor BLOKDYK,,362,5.8,514,1,0,1963,1963,5.8,5.8
George CONSTANTINE,,362,5.7,515,1,0,1959,1959,5.7,5.7
Tony CROOK,,362,5.7,515,2,0,1952,1953,3.9,2.9
Brausch NIEMANN,,362,5.6,516,1,0,1963,1963,5.6,5.6
Gaetano STARRABBA,,362,5.6,516,2,0,1961,1963,5.3,2.8
Leslie THORNE,,362,5.6,516,1,0,1954,1954,5.6,5.6
Chuck ARNOLD,,362,5.5,517,1,0,1959,1959,5.5,5.5
Clemente BIONDETTI,,362,5.5,517,1,0,1950,1950,5.5,5.5
Emilio DE VILLOTA,,362,5.5,517,1,0,1977,1977,5.5,5.5
Jay CHAMBERLAIN,,362,5.5,517,1,0,1962,1962,5.5,5.5
Jean LUCAS,,362,5.5,517,1,0,1955,1955,5.5,5.5
Johnny MANTZ,,362,5.5,517,1,0,1953,1953,5.5,5.5
Arthur OWEN,,362,5.4,518,1,0,1960,1960,5.4,5.4
Tom BELSØ,,362,5.4,518,1,0,1974,1974,5.4,5.4
Bob DRAKE,,362,5.3,519,1,0,1960,1960,5.3,5.3
Bob SAID,,362,5.3,519,1,0,1959,1959,5.3,5.3
Günther BECHEM,,362,5.3,519,2,0,1952,1953,4.4,2.6
Alfredo PIÁN,,362,5.2,520,1,0,1950,1950,5.2,5.2
Heinz SCHILLER,,362,5.2,520,1,0,1962,1962,5.2,5.2
Marcel BALSA,,362,5.2,520,1,0,1952,1952,5.2,5.2
Bill WHITEHOUSE,,362,5.1,521,1,0,1954,1954,5.1,5.1
Pietro FITTIPALDI,,362,5.1,521,1,0,2020,2020,5.1,5.1
Ben PON,,362,4.9,522,1,0,1962,1962,4.9,4.9
Jim MCWITHEY,,362,4.9,522,2,0,1959,1960,4.2,2.4
Ken RICHARDSON,,362,4.9,522,1,0,1951,1951,4.9,4.9
François MAZET,,362,4.8,523,1,0,1971,1971,4.8,4.8
Juan JOVER,,362,4.8,523,1,0,1951,1951,4.8,4.8
Gary HOCKING,,362,4.7,524,1,0,1962,1962,4.7,4.7
John RHODES,,362,4.7,524,1,0,1965,1965,4.7,4.7
Robin WIDDOWS,,362,4.7,524,1,0,1968,1968,4.7,4.7
Max JEAN,,362,4.6,525,1,0,1971,1971,4.6,4.6
Paddy DRIVER,,362,4.6,525,2,0,1963,1974,3.2,2.3
Philippe ADAMS,,362,4.6,525,1,0,1994,1994,4.6,4.6
Robert LA CAZE,,362,4.6,525,1,0,1958,1958,4.6,4.6
John CANNON,,362,4.5,526,1,0,1971,1971,4.5,4.5
Roland RATZENBERGER,,362,4.5,526,1,0,1994,1994,4.5,4.5
Brian HART,,362,4.4,527,1,0,1967,1967,4.4,4.4
Don EDMUNDS,,362,4.4,527,1,0,1957,1957,4.4,4.4
Hideki NODA,,362,4.4,527,1,0,1994,1994,4.4,4.4
Ken MILES,,362,4.4,527,1,0,1961,1961,4.4,4.4
Torsten PALM,,362,4.4,527,1,0,1975,1975,4.4,4.4
Bill ASTON,,362,4.3,528,1,0,1952,1952,4.3,4.3
Franco FORINI,,362,4.3,528,1,0,1987,1987,4.3,4.3
Len SUTTON,,362,4.3,528,3,0,1958,1960,2.4,1.4
Phil CADE,,362,4.3,528,1,0,1959,1959,4.3,4.3
Syd VAN DER VYVER,,362,4.3,528,1,0,1962,1962,4.3,4.3
André GUELFI,,362,4.2,529,1,0,1958,1958,4.2,4.2
Masahiro HASEMI,,362,4.2,529,1,0,1976,1976,4.2,4.2
Christian GOETHALS,,362,4.1,530,1,0,1958,1958,4.1,4.1
Dieter QUESTER,,362,4.1,530,1,0,1974,1974,4.1,4.1
John CORDTS,,362,4.1,530,1,0,1969,1969,4.1,4.1
Roger WILLIAMSON,,362,4.1,530,1,0,1973,1973,4.1,4.1
Dempsey WILSON,,362,4.0,531,2,0,1958,1960,3.8,2.0
Guy TUNMER,,362,4.0,531,1,0,1975,1975,4.0,4.0
Jim HURTUBISE,,362,4.0,531,1,0,1960,1960,4.0,4.0
Rudolf SCHOELLER,,362,4.0,531,1,0,1952,1952,4.0,4.0
Tony SHELLY,,362,4.0,531,1,0,1962,1962,4.0,4.0
Carlo ABATE,,362,3.9,532,2,0,1962,1963,3.6,1.9
Lamberto LEONI,,362,3.9,532,1,0,1978,1978,3.9,3.9
Bill MACKEY,,362,3.8,533,1,0,1951,1951,3.8,3.8
Bobby UNSER,,362,3.8,533,1,0,1968,1968,3.8,3.8
Luiz BUENO,,362,3.8,533,1,0,1973,1973,3.8,3.8
Paul ENGLAND,,362,3.8,533,1,0,1957,1957,3.8,3.8
Ettore CHIMERI,,362,3.7,534,1,0,1960,1960,3.7,3.7
Kunimitsu TAKAHASHI,,362,3.7,534,1,0,1977,1977,3.7,3.7
Walt ADER,,362,3.7,534,1,0,1950,1950,3.7,3.7
Damien MAGEE,,362,3.6,535,1,0,1975,1975,3.6,3.6
François PICARD,,362,3.6,535,1,0,1958,1958,3.6,3.6
Ian STEWART,,362,3.6,535,1,0,1953,1953,3.6,3.6
Rob SLOTEMAKER,,362,3.6,535,1,0,1962,1962,3.6,3.6
John RISELEY-PRICHARD,,362,3.5,536,1,0,1954,1954,3.5,3.5
Tom BRIDGER,,362,3.5,536,1,0,1958,1958,3.5,3.5
Chet MILLER,,362,3.4,537,2,0,1951,1952,2.4,1.7
Frank ARMI,,362,3.4,537,1,0,1954,1954,3.4,3.4
Mike THACKWELL,,362,3.4,537,2,0,1980,1984,1.8,1.7
Antonio CREUS,,362,3.3,538,1,0,1960,1960,3.3,3.3
Azdrubal FONTES,,362,3.2,539,1,0,1959,1959,3.2,3.2
Bayliss LEVRETT,,362,3.1,540,1,0,1950,1950,3.1,3.1
Bill CANTRELL,,362,3.1,540,1,0,1950,1950,3.1,3.1
Wayne WEILER,,362,3.1,540,1,0,1960,1960,3.1,3.1
Stéphane SARRAZIN,,362,3.0,541,1,0,1999,1999,3.0,3.0
Dave MORGAN,,362,2.9,542,1,0,1975,1975,2.9,2.9
Frank DOCHNAL,,362,2.9,542,1,0,1963,1963,2.9,2.9
Jack AITKEN,,362,2.9,542,1,0,2020,2020,2.9,2.9
John NICHOLSON,,362,2.9,542,1,0,1975,1975,2.9,2.9
Giorgio BASSI,,362,2.8,543,1,0,1965,1965,2.8,2.8
Paul EMERY,,362,2.8,543,1,0,1956,1956,2.8,2.8
Teddy PILETTE,,362,2.7,544,1,0,1974,1974,2.7,2.7
Gus HUTCHISON,,362,2.6,545,1,0,1970,1970,2.6,2.6
Elmer GEORGE,,362,2.5,546,1,0,1957,1957,2.5,2.5
Oswald KARCH,,362,2.5,546,1,0,1953,1953,2.5,2.5
Tiff NEEDELL,,362,2.5,546,1,0,1980,1980,2.5,2.5
Michael BLEEKEMOLEN,,362,2.4,547,1,0,1978,1978,2.4,2.4
Ernie DE VOS,,362,2.3,548,1,0,1963,1963,2.3,2.3
Josef PETERS,,362,2.2,549,1,0,1952,1952,2.2,2.2
Gérard LARROUSSE,,362,2.1,550,1,0,1974,1974,2.1,2.1
Theo FITZAU,,362,2.1,550,1,0,1953,1953,2.1,2.1
Chris CRAFT,,362,2.0,551,1,0,1971,1971,2.0,2.0
José DOLHEM,,362,2.0,551,1,0,1974,1974,2.0,2.0
Pierre-Henri RAPHANEL,,362,2.0,551,1,0,1989,1989,2.0,2.0
Jo VONLANTHEN,,362,1.9,552,1,0,1975,1975,1.9,1.9
Leo KINNUNEN,,362,1.9,552,1,0,1974,1974,1.9,1.9
Thomas MONARCH,,362,1.9,552,1,0,1963,1963,1.9,1.9
André LOTTERER,,362,1.7,553,1,0,2014,2014,1.7,1.7
Miguel Ángel GUERRA,,362,1.7,553,1,0,1981,1981,1.7,1.7
Conny ANDERSSON,,362,1.6,554,1,0,1976,1976,1.6,1.6
Bertil ROOS,,362,1.5,555,1,0,1974,1974,1.5,1.5
Hiroshi FUSHIDA,,362,1.4,556,1,0,1975,1975,1.4,1.4
Kurt ADOLFF,,362,1.4,556,1,0,1953,1953,1.4,1.4
Marco APICELLA,,362,1.3,557,1,0,1993,1993,1.3,1.3
Juan Manuel BORDEU,,362,1.2,558,1,0,1961,1961,1.2,1.2
Massimo NATILI,,362,1.1,559,1,0,1961,1961,1.1,1.1
Jerry UNSER,,362,0.9,560,1,0,1958,1958,0.9,0.9
Len DUNCAN,,362,0.9,560,1,0,1954,1954,0.9,0.9
Danny KLADIS,,362,0.8,561,1,0,1954,1954,0.8,0.8
Graham MCRAE,,362,0.8,561,1,0,1973,1973,0.8,0.8
Art BISCH,,362,0.6,562,1,0,1958,1958,0.6,0.6
Ray REED,,362,0.6,562,1,0,1965,1965,0.6,0.6
Peter MONTEVERDI,,362,0.5,563,1,0,1961,1961,0.5,0.5
Roberto LIPPI,,362,0.5,563,1,0,1961,1961,0.5,0.5
David CLAPHAM,,362,0.4,564,1,0,1965,1965,0.4,0.4
Ernst LOOF,,362,0.4,564,1,0,1953,1953,0.4,0.4
Erwin BAUER,,362,0.4,564,1,0,1953,1953,0.4,0.4
Geoff DUKE,,362,0.4,564,1,0,1961,1961,0.4,0.4
Kurt KUHNKE,,362,0.4,564,1,0,1962,1962,0.4,0.4
Otto STUPPACHER,,362,0.4,564,1,0,1976,1976,0.4,0.4
Alex BLIGNAUT,,362,0.3,565,1,0,1965,1965,0.3,0.3
Günther SEIFFERT,,362,0.3,565,1,0,1963,1963,0.3,0.3
Ricardo LONDOÑO,,362,0.3,565,1,0,1981,1981,0.3,0.3
Volker WEIDLER,,362,0.3,565,1,0,1989,1989,0.3,0.3
Perry MCCARTHY,,362,0.2,566,1,0,1992,1992,0.2,0.2
Ernesto PRINOTH,,362,0.0,567,1,0,1961,1961,0.0,0.0
Menato BOFFA,,362,0.0,567,1,0,1961,1961,0.0,0.0
