season,Equipo,puntos_100,puntos_total,factor,gps_disputados
1965,Ferrari,152.21800000000002,152.21800000000002,1.0,21
1970,Matra,136.23307692307694,177.103,0.7692307692307693,25
1978,Ferrari,130.319375,208.511,0.625,29
1985,Osella,41.120625,65.79299999999999,0.625,14
1987,Minardi,77.64874999999999,124.23799999999999,0.625,31
1988,March,118.989375,190.38299999999998,0.625,32
1989,March,94.65625,151.45,0.625,31
2021,McLaren,144.37954545454545,317.635,0.45454545454545453,42
2021,Williams,90.4081818181818,198.89799999999997,0.45454545454545453,36
2022,Sauber,111.12181818181818,244.46800000000002,0.45454545454545453,41
1983,Ligier,89.73733333333332,134.606,0.6666666666666666,27
1990,Arrows,80.79999999999998,129.27999999999997,0.625,24
2007,Honda,108.32176470588237,184.14700000000002,0.5882352941176471,32
2015,Mercedes,52.07105263157894,98.93499999999999,0.5263157894736842,12
2024,Ferrari,123.67041666666668,296.809,0.4166666666666667,36
1982,Renault,128.71375,205.942,0.625,30
2016,Red Bull Racing,123.19666666666664,258.71299999999997,0.47619047619047616,32
2023,Alpine F1 Team,121.37227272727276,267.01900000000006,0.45454545454545453,41
2006,Renault,133.79000000000002,240.822,0.5555555555555556,29
1970,Team Lotus,188.44923076923078,244.984,0.7692307692307693,38
2000,Arrows,101.39823529411765,172.377,0.5882352941176471,32
2017,Renault,107.0935,214.187,0.5,36
2022,Haas F1 Team,100.70772727272725,221.55699999999996,0.45454545454545453,39
1972,Tyrrell,140.36,168.43200000000002,0.8333333333333334,24
2014,Mercedes,75.65157894736842,143.738,0.5263157894736842,18
2004,Jordan,86.09555555555556,154.972,0.5555555555555556,29
2002,Arrows,66.08705882352942,112.34800000000001,0.5882352941176471,21
1979,Arrows,99.39533333333334,149.09300000000002,0.6666666666666666,27
1984,Team Lotus,126.333125,202.13299999999998,0.625,29
1960,Team Lotus,217.92000000000002,217.92000000000002,1.0,31
1958,Ferrari,226.77636363636364,249.454,0.9090909090909091,32
2025,Red Bull Racing,126.66733333333332,190.00099999999998,0.6666666666666666,27
1976,Brabham-Ford,16.126875000000002,25.803,0.625,6
1977,McLaren,159.89705882352942,271.825,0.5882352941176471,42
2024,Alpine,95.85583333333332,230.05399999999997,0.4166666666666667,39
1963,Lola,86.67999999999999,86.67999999999999,1.0,16
1968,McLaren-Ford,140.18666666666667,168.224,0.8333333333333334,22
1977,Ensign,74.75647058823529,127.08599999999998,0.5882352941176471,22
1963,Lotus-Maserati,0.231,0.231,1.0,1
1959,Cooper-Maserati,69.61111111111111,62.65,1.1111111111111112,11
1977,Hesketh,51.2064705882353,87.051,0.5882352941176471,18
2001,Ferrari,100.8764705882353,171.49,0.5882352941176471,21
1969,BRM-Ford,6.377272727272727,7.015,0.9090909090909091,1
1956,Kuzma,34.2975,27.438000000000002,1.25,6
1950,Langley,5.651428571428571,3.956,1.4285714285714286,1
1963,LDS,10.068,10.068,1.0,2
1954,Klenk,5.735555555555556,5.162,1.1111111111111112,1
1953,OSCA,19.243333333333332,17.319,1.1111111111111112,4
1966,Brabham-BRM,35.721111111111114,32.149,1.1111111111111112,5
1964,Derrington,4.803,4.803,1.0,1
1960,Meskowski,11.041,11.041,1.0,2
1954,Lancia,11.238888888888889,10.115,1.1111111111111112,2
1972,Politoys,1.9241666666666668,2.309,0.8333333333333334,1
1957,Epperly,20.45125,16.361,1.25,2
1958,Connaught,7.724545454545455,8.497,0.9090909090909091,2
1951,Alta,6.404999999999999,5.124,1.25,1
1960,Behra-Porsche,12.671,12.671,1.0,2
1960,JBW,12.524000000000001,12.524000000000001,1.0,2
1950,Ewing,5.6971428571428575,3.988,1.4285714285714286,1
1967,Brabham-Ford,6.347272727272728,6.982,0.9090909090909091,1
1962,Cooper,6.683333333333334,6.015,1.1111111111111112,1
1953,Lesovsky,2.486666666666667,2.238,1.1111111111111112,1
1951,Bromme,2.03625,1.629,1.25,1
1950,Ferrari,138.26285714285717,96.78400000000002,1.4285714285714286,14
1978,Fittipaldi,63.621875,101.795,0.625,16
1989,Onyx,49.555625,79.289,0.625,15
2005,Ferrari,142.94052631578947,271.587,0.5263157894736842,37
2008,Red Bull Racing,118.52611111111113,213.34700000000004,0.5555555555555556,33
2010,Toro Rosso,94.17947368421054,178.94100000000003,0.5263157894736842,32
2014,Ferrari,120.11157894736841,228.212,0.5263157894736842,31
1961,Cooper-Climax,324.3125,259.45,1.25,50
1984,Ligier,94.04812499999998,150.47699999999998,0.625,29
1997,Benetton,148.42235294117646,252.31799999999996,0.5882352941176471,33
2024,Mercedes,129.85875000000004,311.66100000000006,0.4166666666666667,40
1974,Token,9.442666666666668,14.164000000000001,0.6666666666666666,3
1960,Cooper-Maserati,103.25899999999999,103.25899999999999,1.0,19
1990,Tyrrell,107.63062500000001,172.209,0.625,31
1991,Benetton,127.4325,203.892,0.625,30
1996,Benetton,119.70937500000002,191.53500000000003,0.625,25
2009,Red Bull Racing,105.09647058823532,178.66400000000004,0.5882352941176471,24
1979,Tyrrell,141.57999999999998,212.36999999999998,0.6666666666666666,31
1983,Team Lotus,107.37466666666666,161.06199999999998,0.6666666666666666,30
1953,Maserati,276.2222222222222,248.59999999999997,1.1111111111111112,36
1978,Brabham,134.47,215.15200000000002,0.625,31
1992,Andrea Moda,2.404375,3.847,0.625,2
2022,McLaren,114.08772727272726,250.993,0.45454545454545453,37
2013,Toro Rosso,105.00263157894736,199.505,0.5263157894736842,35
2022,Williams,80.56181818181818,177.23600000000002,0.45454545454545453,33
2003,Toyota,116.804375,186.887,0.625,29
2009,Brawn,137.83117647058825,234.313,0.5882352941176471,28
1981,March,30.894,46.341,0.6666666666666666,9
1993,Tyrrell,74.19062500000001,118.70500000000001,0.625,28
1954,Maserati,422.7122222222223,380.44100000000003,1.1111111111111112,59
1958,BRM,135.60272727272726,149.16299999999998,0.9090909090909091,22
1976,Hesketh,47.02375,75.238,0.625,18
1992,Benetton,113.15249999999997,181.04399999999995,0.625,24
2015,Ferrari,111.70631578947368,212.242,0.5263157894736842,27
2018,Red Bull Racing,137.25333333333333,288.232,0.47619047619047616,38
2000,Prost,83.34058823529412,141.679,0.5882352941176471,28
1974,McLaren,202.01866666666666,303.028,0.6666666666666666,43
1959,Team Lotus,100.66888888888889,90.60199999999999,1.1111111111111112,15
1964,Cooper-Climax,137.648,137.648,1.0,21
1987,McLaren,149.629375,239.407,0.625,32
1987,Williams,108.30937500000002,173.29500000000002,0.625,23
1993,Lola,60.46000000000001,96.73600000000002,0.625,21
2021,Sauber,98.09909090909089,215.81799999999996,0.45454545454545453,37
1953,Simca,10.431111111111111,9.388,1.1111111111111112,2
1965,BRM,178.001,178.001,1.0,24
1990,AGS,21.180625000000003,33.889,0.625,8
1979,Shadow,82.39266666666667,123.58900000000001,0.6666666666666666,24
1974,Hesketh,50.402,75.60300000000001,0.6666666666666666,13
1964,Scirocco,8.213000000000001,8.213000000000001,1.0,2
2021,Haas F1 Team,50.43636363636362,110.95999999999998,0.45454545454545453,24
1981,Toleman,7.241333333333333,10.862,0.6666666666666666,2
1976,McLaren,114.50312500000003,183.20500000000004,0.625,26
1976,Ensign,47.79062499999999,76.46499999999999,0.625,14
1995,Tyrrell,113.78647058823529,193.43699999999998,0.5882352941176471,34
1995,Pacific,66.42294117647059,112.919,0.5882352941176471,28
1978,Surtees,57.793124999999996,92.469,0.625,21
1969,Brabham-Repco,12.462727272727271,13.709,0.9090909090909091,2
1974,Ensign,19.313333333333333,28.97,0.6666666666666666,6
1966,Eagle-Climax,52.097777777777786,46.888000000000005,1.1111111111111112,7
1954,Pawl,3.905555555555556,3.515,1.1111111111111112,1
1961,De Tomaso-Alfa Romeo,6.477500000000001,5.182,1.25,2
1977,LEC,8.351176470588236,14.197,0.5882352941176471,3
1987,Coloni,1.130625,1.809,0.625,1
1975,Shadow-Matra,6.1657142857142855,8.632,0.7142857142857143,2
1951,Hall,3.83125,3.065,1.25,1
1955,Schroeder,4.525714285714286,3.168,1.4285714285714286,1
1976,Williams,4.18375,6.694,0.625,1
1959,JBW,4.062222222222222,3.656,1.1111111111111112,1
1952,Kuzma,11.75,9.4,1.25,1
1963,Lotus-Climax,166.317,166.317,1.0,26
1971,Surtees,145.21727272727276,159.73900000000003,0.9090909090909091,27
1983,Arrows,114.32533333333333,171.488,0.6666666666666666,29
2006,McLaren,125.86111111111113,226.55,0.5555555555555556,32
2022,Racing Bulls,114.15409090909091,251.139,0.45454545454545453,43
1954,Bromme,0.7611111111111112,0.685,1.1111111111111112,1
1977,Renault,10.14,17.238,0.5882352941176471,4
1979,Ligier,128.224,192.336,0.6666666666666666,29
2005,Toyota,134.00894736842105,254.61700000000002,0.5263157894736842,34
2006,Williams,107.04777777777777,192.68599999999998,0.5555555555555556,35
2017,McLaren,96.53,193.06,0.5,33
2017,Williams,118.784,237.568,0.5,37
1963,Lotus-BRM,171.219,171.219,1.0,32
1972,Matra,69.45833333333334,83.35000000000001,0.8333333333333334,12
1982,Williams,123.221875,197.155,0.625,27
1990,Ligier,94.39749999999998,151.03599999999997,0.625,29
1997,Minardi,81.7305882352941,138.94199999999998,0.5882352941176471,29
2011,Toro Rosso,99.17263157894737,188.42800000000003,0.5263157894736842,34
2016,Force India,107.3204761904762,225.37300000000002,0.47619047619047616,33
2023,Mercedes,129.8940909090909,285.767,0.45454545454545453,36
1972,Team Lotus,126.94583333333333,152.33499999999998,0.8333333333333334,26
1982,Ensign,23.840625000000003,38.145,0.625,9
1981,Brabham,126.088,189.132,0.6666666666666666,27
1995,Simtek,23.071176470588238,39.221000000000004,0.5882352941176471,10
1981,Fittipaldi,48.867999999999995,73.30199999999999,0.6666666666666666,15
1984,Tyrrell,67.7475,108.396,0.625,22
1982,McLaren,127.665625,204.26500000000001,0.625,28
1993,Ligier,122.53437500000001,196.055,0.625,31
1957,Vanwall,130.94625000000002,104.757,1.25,14
1971,BRM,203.89999999999998,224.29,0.9090909090909091,34
1980,Ferrari,116.8557142857143,163.598,0.7142857142857143,26
1992,Minardi,77.03625,123.258,0.625,25
2003,Ferrari,110.24937500000001,176.39900000000003,0.625,22
1966,Eagle-Weslake,15.925555555555555,14.332999999999998,1.1111111111111112,3
1991,Minardi,106.07499999999999,169.71999999999997,0.625,31
1987,Zakspeed,94.00312499999997,150.40499999999994,0.625,31
1997,Sauber,120.86,205.462,0.5882352941176471,32
1966,Cooper-Maserati,292.1122222222223,262.901,1.1111111111111112,37
1968,BRM,163.20333333333335,195.844,0.8333333333333334,29
1996,Forti,27.56,44.096,0.625,9
1986,Osella,61.2425,97.988,0.625,27
1988,Ferrari,114.00125,182.402,0.625,26
1995,Ligier,120.54529411764706,204.927,0.5882352941176471,32
1966,Brabham-Climax,68.5411111111111,61.687,1.1111111111111112,10
1996,Minardi,77.25,123.6,0.625,23
1989,Ferrari,95.529375,152.847,0.625,24
1996,Sauber,121.815,194.904,0.625,30
2012,Mercedes,111.85999999999999,223.71999999999997,0.5,36
1971,Brabham,115.57272727272726,127.13,0.9090909090909091,23
1978,Wolf,83.77875,134.046,0.625,21
1971,Lotus-Pratt &amp; Whitney,14.107272727272727,15.518,0.9090909090909091,3
1958,Porsche,16.595454545454544,18.255,0.9090909090909091,3
1990,Dallara,75.72249999999998,121.15599999999998,0.625,30
1953,Bromme,2.1244444444444444,1.912,1.1111111111111112,1
1978,Merzario,19.23375,30.774,0.625,8
1974,Trojan,17.342666666666666,26.014,0.6666666666666666,6
1963,Team Lotus,2.577,2.577,1.0,1
1960,Christensen,4.021,4.021,1.0,1
1970,Tyrrell,14.484615384615385,18.83,0.7692307692307693,3
1951,OSCA,8.28,6.624,1.25,1
1960,Kuzma,9.944,9.944,1.0,2
1951,Lesovsky,1.5625,1.25,1.25,1
1970,Bellasi,2.4615384615384617,3.2,0.7692307692307693,1
1953,Veritas,28.91666666666667,26.025000000000002,1.1111111111111112,8
1972,March,241.05583333333334,289.267,0.8333333333333334,54
1975,Embassy Hill,67.25642857142857,94.15899999999999,0.7142857142857143,17
2011,Virgin,56.6178947368421,107.574,0.5263157894736842,28
1970,Ferrari,121.97769230769231,158.571,0.7692307692307693,21
1976,Brabham-Alfa Romeo,102.93687499999999,164.69899999999998,0.625,30
1978,Team Lotus,145.02125,232.034,0.625,35
2013,Caterham,67.12105263157895,127.53000000000002,0.5263157894736842,30
1963,De Tomaso,4.827,4.827,1.0,2
1975,Williams,73.10142857142857,102.342,0.7142857142857143,24
1988,AGS,47.87624999999999,76.60199999999999,0.625,16
2005,Red Bull Racing,120.45736842105264,228.86900000000003,0.5263157894736842,35
2008,Ferrari,109.37388888888889,196.873,0.5555555555555556,25
2009,Ferrari,134.0635294117647,227.908,0.5882352941176471,33
2010,Williams,118.44000000000001,225.03600000000003,0.5263157894736842,36
2010,McLaren,119.07105263157897,226.23500000000004,0.5263157894736842,29
2013,McLaren,113.02473684210527,214.747,0.5263157894736842,31
2015,Red Bull Racing,134.68736842105267,255.90600000000006,0.5263157894736842,35
1980,Tyrrell,111.80928571428572,156.53300000000002,0.7142857142857143,28
1986,Minardi,68.98625,110.378,0.625,28
2002,Toyota,107.41588235294118,182.607,0.5882352941176471,32
2016,Mercedes,75.08380952380952,157.67600000000002,0.47619047619047616,19
1952,Ferrari,296.94,237.552,1.25,36
2006,Honda,129.28888888888892,232.72000000000003,0.5555555555555556,32
2013,Williams,86.57578947368422,164.49400000000003,0.5263157894736842,30
2020,Williams,88.38588235294118,150.256,0.5882352941176471,30
2004,McLaren,128.43055555555554,231.17499999999995,0.5555555555555556,33
2012,Force India,121.44800000000002,242.89600000000004,0.5,37
1958,Team Lotus,104.75272727272727,115.228,0.9090909090909091,19
1975,McLaren,136.59357142857144,191.231,0.7142857142857143,28
2007,Renault,109.30705882352942,185.822,0.5882352941176471,27
1984,Ferrari,138.654375,221.84699999999998,0.625,32
1965,Lotus-Climax,142.13400000000001,142.13400000000001,1.0,20
2004,Williams,136.90666666666667,246.432,0.5555555555555556,33
1965,Lotus-BRM,107.54700000000001,107.54700000000001,1.0,18
1972,Tecno,13.655,16.386,0.8333333333333334,6
1984,Spirit,37.12437500000001,59.39900000000001,0.625,12
2025,Mercedes,134.18200000000002,201.27300000000002,0.6666666666666666,27
2018,Ferrari,115.99285714285715,243.58500000000004,0.47619047619047616,29
1983,Brabham,115.17933333333332,172.76899999999998,0.6666666666666666,26
2014,Red Bull Racing,135.62052631578945,257.679,0.5263157894736842,33
1955,Mercedes,201.96571428571426,141.37599999999998,1.4285714285714286,18
1969,Matra-Ford,164.9754545454545,181.47299999999996,0.9090909090909091,22
1952,Connaught,64.59875,51.679,1.25,8
1989,Tyrrell,103.260625,165.217,0.625,29
1985,Zakspeed,20.705625000000005,33.129000000000005,0.625,10
1959,BRM,178.29555555555555,160.46599999999998,1.1111111111111112,22
1954,Vanwall,14.485555555555557,13.037,1.1111111111111112,3
1975,Hesketh,110.17857142857143,154.25,0.7142857142857143,24
1960,Ferrari,181.679,181.679,1.0,23
2020,McLaren,130.06117647058824,221.10399999999998,0.5882352941176471,30
1988,Tyrrell,60.324375,96.519,0.625,20
1990,Onyx,27.083125000000003,43.333000000000006,0.625,9
1963,Porsche,61.36800000000001,61.36800000000001,1.0,12
1975,Ensign,30.955714285714286,43.338,0.7142857142857143,8
1981,Arrows,85.13666666666666,127.705,0.6666666666666666,24
1966,McLaren-Ford,22.735555555555557,20.462,1.1111111111111112,3
1989,AGS,20.490624999999998,32.785,0.625,6
1980,Shadow,3.7142857142857144,5.2,0.7142857142857143,1
1952,Aston Butterworth,10.66875,8.535,1.25,3
1950,Rae,3.71,2.597,1.4285714285714286,1
1953,EMW,3.8333333333333335,3.45,1.1111111111111112,1
1959,Cooper-OSCA,7.1177777777777775,6.406,1.1111111111111112,1
1956,Stevens,6.9075,5.526,1.25,1
1951,Moore,9.305,7.444,1.25,1
1964,Brabham-Ford,3.053,3.053,1.0,1
1950,Nichels,9.361428571428572,6.553,1.4285714285714286,1
2025,Racing Bulls,116.40466666666666,174.607,0.6666666666666666,28
1977,Shadow,112.61352941176473,191.44300000000004,0.5882352941176471,33
1995,Sauber,115.76294117647059,196.797,0.5882352941176471,32
2002,Sauber,129.71941176470588,220.52299999999997,0.5882352941176471,33
2011,Lotus,56.36894736842104,107.10099999999998,0.5263157894736842,25
1956,Vanwall,88.32625,70.661,1.25,12
1977,Penske,43.751764705882344,74.37799999999999,0.5882352941176471,14
1987,Arrows,115.07499999999999,184.11999999999998,0.625,31
1995,Forti,72.16470588235295,122.68,0.5882352941176471,28
2000,Minardi,73.58470588235294,125.094,0.5882352941176471,24
2007,Ferrari,89.20117647058825,151.64200000000002,0.5882352941176471,19
2009,Renault,110.08705882352939,187.14799999999997,0.5882352941176471,30
1984,Renault,131.00374999999997,209.60599999999997,0.625,31
1992,Dallara,109.06812500000001,174.50900000000001,0.625,31
2019,Williams,68.83523809523808,144.55399999999997,0.47619047619047616,30
1973,Surtees,120.24666666666667,180.37,0.6666666666666666,33
1973,Iso Marlboro,91.782,137.673,0.6666666666666666,26
1977,Tyrrell,126.10941176470588,214.386,0.5882352941176471,35
1990,Minardi,77.581875,124.131,0.625,26
1991,Ligier,87.03,139.248,0.625,27
1995,Minardi,105.17941176470588,178.80499999999998,0.5882352941176471,33
1996,Ligier,115.00625,184.01,0.625,30
1969,Lotus-Ford,298.7399999999999,328.6139999999999,0.9090909090909091,45
1982,Team Lotus,105.21875,168.35,0.625,28
1993,Sauber,111.63375,178.614,0.625,30
2019,McLaren,104.25380952380951,218.933,0.47619047619047616,33
1985,Brabham,119.68625000000002,191.49800000000002,0.625,31
1992,Ligier,109.211875,174.739,0.625,31
2024,Aston Martin,113.15791666666668,271.579,0.4166666666666667,42
1962,BRM,145.36444444444444,130.828,1.1111111111111112,21
2002,Minardi,76.24529411764708,129.61700000000002,0.5882352941176471,26
1991,Dallara,92.38687499999999,147.819,0.625,28
2003,Jordan,98.79937499999998,158.07899999999998,0.625,28
2012,Toro Rosso,102.44299999999998,204.88599999999997,0.5,36
1952,Gordini,160.41,128.328,1.25,20
1960,Scarab,30.055,30.055,1.0,7
1975,March,115.17,161.238,0.7142857142857143,32
2008,Renault,134.89166666666665,242.80499999999998,0.5555555555555556,35
1973,BRM,171.212,256.818,0.6666666666666666,43
2000,Sauber,109.99529411764706,186.992,0.5882352941176471,31
1951,Ferrari,253.08374999999998,202.46699999999998,1.25,27
1965,Honda,91.052,91.052,1.0,14
1994,Footwork,102.16187500000001,163.459,0.625,30
1973,Brabham,157.68666666666664,236.52999999999997,0.6666666666666666,40
2018,Renault,107.59190476190473,225.94299999999996,0.47619047619047616,35
1960,Epperly,24.284000000000002,24.284000000000002,1.0,6
1972,McLaren,144.94500000000002,173.93400000000003,0.8333333333333334,22
1953,Stevens,9.976666666666667,8.979,1.1111111111111112,2
1993,Minardi,106.411875,170.259,0.625,32
2011,Mercedes,121.3815789473684,230.62499999999997,0.5263157894736842,34
1979,Sauber,18.37533333333333,27.562999999999995,0.6666666666666666,6
1969,Ferrari,73.77727272727273,81.155,0.9090909090909091,11
1963,BRP,34.115,34.115,1.0,5
1962,Brabham,23.803333333333338,21.423000000000002,1.1111111111111112,3
1979,Brabham-Ford,18.981333333333332,28.472,0.6666666666666666,5
1952,Frazer Nash,29.25625,23.405,1.25,4
1954,Stevens,11.313333333333334,10.182,1.1111111111111112,2
1950,Cooper,5.688571428571429,3.982,1.4285714285714286,1
1955,Arzani-Volpini,3.6814285714285715,2.577,1.4285714285714286,1
1967,McLaren-BRM,36.440909090909095,40.08500000000001,0.9090909090909091,6
1968,Lotus-Ford,197.1608333333334,236.59300000000005,0.8333333333333334,33
1971,Ferrari,145.50181818181818,160.052,0.9090909090909091,24
1983,Tyrrell,102.95133333333334,154.42700000000002,0.6666666666666666,30
1999,Jordan,128.51249999999996,205.61999999999995,0.625,29
2007,Toro Rosso,87.57117647058823,148.87099999999998,0.5882352941176471,30
1987,Benetton,114.81375000000001,183.70200000000003,0.625,28
1989,Brabham,105.509375,168.815,0.625,30
1994,Ferrari,132.33187499999997,211.73099999999997,0.625,31
1971,Lotus-Ford,122.35454545454546,134.59,0.9090909090909091,21
1991,McLaren,99.11625000000001,158.586,0.625,21
1996,Williams,98.79374999999999,158.07,0.625,19
2012,Ferrari,148.45800000000003,296.91600000000005,0.5,38
1979,Team Lotus,154.27533333333335,231.41300000000004,0.6666666666666666,38
1982,Sauber,115.51750000000001,184.82800000000003,0.625,32
1992,McLaren,113.88749999999999,182.21999999999997,0.625,26
1998,Jordan,128.06625,204.906,0.625,30
2019,Red Bull Racing,124.86142857142853,262.20899999999995,0.47619047619047616,33
1993,Team Lotus,104.730625,167.56900000000002,0.625,31
2018,Force India,116.2004761904762,244.02100000000002,0.47619047619047616,37
1950,Deidt,28.92,20.244,1.4285714285714286,3
1980,Brabham,121.83857142857141,170.57399999999998,0.7142857142857143,26
2009,Force India,107.01764705882351,181.92999999999998,0.5882352941176471,32
1957,Kurtis Kraft,120.73375000000001,96.58700000000002,1.25,22
1997,Williams,116.11294117647061,197.39200000000002,0.5882352941176471,26
2017,Sauber,86.76499999999999,173.52999999999997,0.5,33
1968,Ferrari,141.01833333333335,169.222,0.8333333333333334,24
1999,Stewart,132.04125000000002,211.26600000000002,0.625,31
1984,Arrows,97.0925,155.348,0.625,30
1954,Cooper,17.09444444444445,15.385000000000002,1.1111111111111112,6
1997,McLaren,128.80235294117648,218.964,0.5882352941176471,31
2017,Haas F1 Team,108.05,216.1,0.5,36
2023,Ferrari,127.13545454545454,279.698,0.45454545454545453,37
1980,Fittipaldi,99.37357142857142,139.123,0.7142857142857143,25
1991,Williams,116.406875,186.251,0.625,25
1992,Williams,78.875,126.2,0.625,17
1953,Cooper,119.62666666666668,107.664,1.1111111111111112,19
1996,McLaren,126.27374999999999,202.03799999999998,0.625,28
1990,Team Lotus,104.00499999999997,166.40799999999996,0.625,31
1953,AFM,9.178888888888888,8.261,1.1111111111111112,4
1966,Lotus-BRM,145.06555555555556,130.559,1.1111111111111112,20
1966,Cooper-Ferrari,12.902222222222223,11.612,1.1111111111111112,2
2008,Force India,67.74222222222222,121.93599999999999,0.5555555555555556,26
1998,Stewart,103.57812499999997,165.72499999999997,0.625,31
1981,Ferrari,124.078,186.11700000000002,0.6666666666666666,30
1951,Maserati,71.38250000000001,57.106,1.25,13
1966,Lotus-Climax,67.3,60.56999999999999,1.1111111111111112,8
1951,Trevis,1.8525,1.482,1.25,1
1951,Simca,94.89874999999999,75.919,1.25,13
1961,Ferguson,4.9775,3.982,1.25,1
1950,ERA,60.54142857142857,42.379,1.4285714285714286,7
1964,Honda,16.185,16.185,1.0,3
1955,Kuzma,24.76142857142857,17.333,1.4285714285714286,4
1962,Cooper-Climax,198.4866666666667,178.63800000000003,1.1111111111111112,26
1962,De Tomaso-Alfa Romeo,2.8633333333333333,2.577,1.1111111111111112,1
1958,Phillips,6.796363636363636,7.476,0.9090909090909091,1
1959,Kuzma,28.22222222222222,25.4,1.1111111111111112,5
1950,Wetteroth,3.0971428571428574,2.168,1.4285714285714286,1
1952,BMW,20.34125,16.273,1.25,4
1965,LDS-Alfa Romeo,5.482,5.482,1.0,1
1951,Pawl,5.2975,4.238,1.25,1
1953,Turner,3.6344444444444446,3.271,1.1111111111111112,1
1957,Watson,3.0949999999999998,2.476,1.25,1
1963,Cooper-Maserati,5.803,5.803,1.0,1
1959,Christensen,2.673333333333334,2.406,1.1111111111111112,1
1963,Gilby,4.553,4.553,1.0,1
1961,MBM,0.505,0.404,1.25,1
1950,Stevens,8.894285714285715,6.226,1.4285714285714286,1
1974,March,95.43466666666667,143.15200000000002,0.6666666666666666,28
1994,McLaren,118.08499999999998,188.93599999999998,0.625,30
2002,Jordan,112.58823529411764,191.39999999999998,0.5882352941176471,32
2006,Super Aguri,66.16666666666667,119.10000000000001,0.5555555555555556,27
2012,McLaren,120.80550000000002,241.61100000000005,0.5,34
2021,Alpine F1 Team,116.58909090909087,256.4959999999999,0.45454545454545453,38
1956,Maserati,478.16625,382.533,1.25,58
1971,McLaren,129.9718181818182,142.96900000000002,0.9090909090909091,25
1982,Brabham,104.43812499999999,167.10099999999997,0.625,26
1985,Team Lotus,148.409375,237.455,0.625,31
1991,Fondmetal,18.090625,28.945,0.625,6
2007,Red Bull Racing,113.01764705882353,192.13,0.5882352941176471,32
1952,Cooper,126.9325,101.546,1.25,16
1962,Lotus-Climax,361.7611111111111,325.585,1.1111111111111112,53
1986,Lola,95.54125,152.866,0.625,30
1992,Fondmetal,47.16749999999999,75.46799999999999,0.625,19
1993,Jordan,91.83249999999998,146.93199999999996,0.625,30
2005,Renault,121.6342105263158,231.10500000000002,0.5263157894736842,29
1980,Sauber,97.61928571428572,136.667,0.7142857142857143,26
1988,Minardi,73.83125,118.13,0.625,24
1989,Minardi,88.759375,142.01500000000001,0.625,28
2003,Sauber,115.760625,185.217,0.625,30
2023,Williams,103.0290909090909,226.664,0.45454545454545453,40
1991,Ferrari,107.553125,172.08499999999998,0.625,26
2003,Minardi,70.26687499999998,112.42699999999998,0.625,21
2025,Aston Martin,109.67333333333332,164.51,0.6666666666666666,27
1984,Osella,61.514374999999994,98.42299999999999,0.625,23
2012,Caterham,74.25599999999999,148.51199999999997,0.5,32
1962,Team Lotus,4.68,4.212,1.1111111111111112,1
2019,Toro Rosso,121.04142857142854,254.18699999999995,0.47619047619047616,40
1992,Ferrari,100.469375,160.751,0.625,28
2010,Force India,111.07684210526318,211.04600000000005,0.5263157894736842,35
1973,Team Lotus,111.74866666666668,167.62300000000002,0.6666666666666666,23
1981,McLaren,124.04399999999998,186.06599999999997,0.6666666666666666,30
2000,Jordan,110.3270588235294,187.55599999999998,0.5882352941176471,30
1995,Jordan,120.91764705882355,205.56000000000003,0.5882352941176471,32
1994,Williams,116.22687499999999,185.963,0.625,25
1997,Ferrari,125.22117647058822,212.87599999999998,0.5882352941176471,29
2013,Force India,108.23894736842102,205.65399999999997,0.5263157894736842,34
1976,Wolf,51.393750000000004,82.23,0.625,19
1950,Moore,10.03,7.021,1.4285714285714286,1
1986,AGS,3.9112499999999994,6.257999999999999,0.625,2
2005,BAR,111.13947368421051,211.165,0.5263157894736842,32
1996,Ferrari,122.40312500000002,195.84500000000003,0.625,28
1976,March,174.00187499999998,278.40299999999996,0.625,51
1984,ATS,50.70125,81.122,0.625,17
2012,Williams,106.89799999999998,213.79599999999996,0.5,37
1981,Williams,128.2986666666667,192.44800000000004,0.6666666666666666,25
1959,Sutton,0.6044444444444446,0.544,1.1111111111111112,1
2023,McLaren,130.39363636363635,286.866,0.45454545454545453,41
2017,Mercedes,100.77449999999999,201.54899999999998,0.5,23
1987,March,46.445,74.312,0.625,16
1986,Tyrrell,110.063125,176.101,0.625,30
1982,Fittipaldi,25.102499999999996,40.163999999999994,0.625,8
1971,March-Alfa Romeo,44.96727272727272,49.464,0.9090909090909091,10
1959,Aston Martin,58.23111111111111,52.408,1.1111111111111112,8
1962,Lotus-BRM,47.75888888888889,42.983,1.1111111111111112,9
1952,AFM,21.2575,17.006,1.25,3
1981,Ensign,46.85999999999999,70.28999999999999,0.6666666666666666,14
1972,Connew,2.6075,3.129,0.8333333333333334,1
1957,BRM,37.93125,30.345,1.25,5
1953,BMW,9.937777777777777,8.943999999999999,1.1111111111111112,2
1969,Cooper-Maserati,6.604545454545454,7.265,0.9090909090909091,1
1969,Brabham-Climax,4.139090909090909,4.553,0.9090909090909091,1
1961,Lotus-Maserati,5.345,4.276,1.25,1
1968,McLaren,11.296666666666669,13.556000000000001,0.8333333333333334,2
1961,Porsche,202.5075,162.006,1.25,26
1983,Renault,138.00133333333332,207.002,0.6666666666666666,28
1991,Team Lotus,68.5875,109.74000000000001,0.625,22
2004,Toyota,109.92500000000001,197.865,0.5555555555555556,33
1974,Tyrrell,142.39333333333332,213.58999999999997,0.6666666666666666,30
1976,Tyrrell,148.92125,238.27399999999997,0.625,35
1979,Williams,130.426,195.639,0.6666666666666666,28
2000,McLaren,112.84176470588237,191.83100000000002,0.5882352941176471,23
2006,Red Bull Racing,110.84,199.512,0.5555555555555556,34
1993,McLaren,122.5325,196.052,0.625,29
1995,Williams,105.57764705882354,179.48200000000003,0.5882352941176471,24
1999,Ferrari,122.88187500000001,196.61100000000002,0.625,24
1956,Kurtis Kraft,124.66875,99.735,1.25,23
1976,Shadow,123.01500000000001,196.824,0.625,31
1979,McLaren,109.26733333333334,163.901,0.6666666666666666,28
1958,Cooper,242.60090909090908,266.861,0.9090909090909091,41
1973,Ferrari,84.15266666666666,126.229,0.6666666666666666,19
2019,Sauber,121.0542857142857,254.21399999999997,0.47619047619047616,42
1987,AGS,37.17562499999999,59.48099999999999,0.625,12
1990,McLaren,104.155625,166.649,0.625,22
1992,Team Lotus,107.71812500000001,172.34900000000002,0.625,31
1987,Tyrrell,116.220625,185.953,0.625,32
1995,McLaren,115.34411764705884,196.085,0.5882352941176471,32
2007,Super Aguri,98.68941176470591,167.77200000000005,0.5882352941176471,32
2017,Red Bull Racing,114.1255,228.251,0.5,31
1974,Shadow,99.34933333333333,149.024,0.6666666666666666,28
1978,ATS,64.5475,103.276,0.625,20
1994,Jordan,113.60187500000002,181.76300000000003,0.625,31
1998,Ferrari,113.884375,182.215,0.625,22
2019,Haas F1 Team,104.18714285714285,218.79299999999998,0.47619047619047616,38
1967,Lola,9.997272727272726,10.997,0.9090909090909091,2
1985,Ferrari,134.508125,215.213,0.625,30
1982,Ligier,88.66562499999999,141.86499999999998,0.625,27
2016,Renault,93.19285714285714,195.70499999999998,0.47619047619047616,38
1990,Williams,112.26250000000002,179.62000000000003,0.625,25
2002,Williams,136.5817647058824,232.18900000000005,0.5882352941176471,29
1974,Lola,92.024,138.036,0.6666666666666666,25
2000,Williams,131.32882352941178,223.25900000000001,0.5882352941176471,33
1962,Ferrari,160.13,144.117,1.1111111111111112,21
2002,McLaren,127.81411764705882,217.284,0.5882352941176471,29
1969,BRM,132.90181818181821,146.19200000000004,0.9090909090909091,23
1959,Epperly,27.673333333333332,24.906,1.1111111111111112,4
1950,Alta,25.062857142857144,17.544,1.4285714285714286,3
1976,Penske,69.22562500000001,110.76100000000001,0.625,17
1951,BRM,28.502499999999998,22.802,1.25,4
1952,Sherman,6.845,5.476,1.25,1
1953,HWM,79.25333333333333,71.32799999999999,1.1111111111111112,16
1968,Cooper-Climax,3.943333333333334,4.732,0.8333333333333334,1
1955,Gordini,118.37571428571428,82.863,1.4285714285714286,15
1993,Williams,83.96374999999999,134.34199999999998,0.625,17
2011,Ferrari,107.4457894736842,204.147,0.5263157894736842,26
1979,Ensign,14.555333333333332,21.833,0.6666666666666666,4
1967,Eagle-Climax,15.804545454545453,17.384999999999998,0.9090909090909091,3
1956,Watson,12.28,9.824,1.25,1
1985,Spirit,5.691250000000001,9.106000000000002,0.625,3
1963,Sauber,5.265,5.265,1.0,1
1959,Moore,7.388888888888889,6.65,1.1111111111111112,1
1955,Pankratz,2.2014285714285715,1.541,1.4285714285714286,1
1978,Theodore,1.6875,2.7,0.625,1
1959,Tec-Mec,6.326666666666667,5.694,1.1111111111111112,1
1955,Epperly,7.474285714285715,5.232,1.4285714285714286,1
1964,Porsche,4.694,4.694,1.0,1
1974,Penske,6.404,9.606,0.6666666666666666,2
1954,Phillips,8.856666666666667,7.971,1.1111111111111112,1
1954,HWM,5.372222222222223,4.835,1.1111111111111112,1
1950,Kurtis Kraft,100.59000000000002,70.41300000000001,1.4285714285714286,14
1955,Maserati,306.3757142857143,214.46300000000002,1.4285714285714286,34
1961,Cooper-Maserati,68.825,55.06,1.25,12
1974,Brabham,182.09466666666665,273.142,0.6666666666666666,45
1975,Team Lotus,113.68,159.15200000000002,0.7142857142857143,29
2024,McLaren,120.26875,288.645,0.4166666666666667,34
2003,Jaguar,120.484375,192.775,0.625,31
2003,Renault,141.33125,226.13,0.625,31
2013,Marussia,60.518947368421045,114.98599999999999,0.5263157894736842,27
2024,Williams,80.25750000000001,192.618,0.4166666666666667,37
1958,Vanwall,136.0490909090909,149.654,0.9090909090909091,21
1977,Ferrari,134.20705882352945,228.15200000000004,0.5882352941176471,30
2016,Toro Rosso,105.60523809523808,221.771,0.47619047619047616,38
1982,March,60.54250000000002,96.86800000000002,0.625,20
1985,Arrows,124.65687500000001,199.45100000000002,0.625,31
1999,Arrows,88.15250000000003,141.04400000000004,0.625,28
2001,Williams,136.2282352941177,231.58800000000005,0.5882352941176471,32
2003,BAR,118.22249999999998,189.15599999999998,0.625,30
2015,Sauber,112.47263157894737,213.698,0.5263157894736842,35
2021,Ferrari,130.64818181818183,287.42600000000004,0.45454545454545453,37
1982,Toleman,46.68375000000001,74.69400000000002,0.625,18
1998,Arrows,79.38,127.008,0.625,25
2005,Minardi,81.73526315789474,155.297,0.5263157894736842,30
2013,Lotus F1,141.3984210526316,268.65700000000004,0.5263157894736842,36
2025,Kick Sauber,111.93466666666666,167.902,0.6666666666666666,29
1964,Brabham-Climax,224.703,224.703,1.0,32
1966,Brabham-Repco,133.63666666666666,120.273,1.1111111111111112,15
1978,McLaren,171.96437500000002,275.14300000000003,0.625,47
1990,Osella,25.277500000000003,40.444,0.625,9
2014,Sauber,82.24052631578945,156.25699999999998,0.5263157894736842,31
2023,Racing Bulls,107.09863636363636,235.617,0.45454545454545453,41
1974,BRM,106.40399999999997,159.60599999999997,0.6666666666666666,34
1976,Surtees,105.416875,168.667,0.625,32
2005,Sauber,115.0521052631579,218.59900000000002,0.5263157894736842,34
1978,Ensign,47.809375,76.495,0.625,16
2001,McLaren,138.4723529411765,235.40300000000005,0.5882352941176471,30
2022,Mercedes,118.72318181818183,261.19100000000003,0.45454545454545453,32
1952,Lesovsky,20.545,16.436,1.25,3
1980,Renault,117.79285714285714,164.91,0.7142857142857143,26
2021,AlphaTauri,120.96227272727273,266.117,0.45454545454545453,41
1974,Iso Marlboro,68.72933333333333,103.094,0.6666666666666666,22
1979,ATS,40.085333333333324,60.127999999999986,0.6666666666666666,13
1987,Brabham,101.34125,162.14600000000002,0.625,32
1989,Benetton,115.43125,184.69,0.625,30
1986,Ligier,128.541875,205.66700000000003,0.625,30
1988,Benetton,132.22562499999998,211.56099999999998,0.625,30
1978,Williams,62.88875000000001,100.62200000000001,0.625,16
1950,Sauber,183.65714285714287,128.56,1.4285714285714286,16
2011,Force India,97.40526315789472,185.07,0.5263157894736842,29
1974,Surtees,69.85666666666665,104.785,0.6666666666666666,24
1976,BRM,1.9762499999999998,3.162,0.625,1
1967,BRM,182.02545454545452,200.22799999999998,0.9090909090909091,31
1960,Cooper-Climax,325.37,325.37,1.0,47
1974,Amon,3.3353333333333333,5.003,0.6666666666666666,2
1957,Porsche,20.455000000000002,16.364,1.25,3
1978,Hesketh,1.330625,2.129,0.625,1
1959,Dunn,5.8566666666666665,5.271,1.1111111111111112,1
1976,Fittipaldi,48.986875000000005,78.379,0.625,15
1955,Trevis,11.558571428571428,8.091,1.4285714285714286,2
1954,Schroeder,3.471111111111111,3.1239999999999997,1.1111111111111112,2
1959,Maserati,40.223333333333336,36.201,1.1111111111111112,7
1969,Eagle-Climax,4.949090909090909,5.444,0.9090909090909091,1
1953,Schroeder,4.9511111111111115,4.456,1.1111111111111112,1
1955,Pawl,5.322857142857143,3.726,1.4285714285714286,1
1950,Watson,1.962857142857143,1.374,1.4285714285714286,1
1961,Gilby,5.69875,4.559,1.25,1
1952,OSCA,4.2975,3.438,1.25,1
1960,Lesovsky,7.694,7.694,1.0,1
1951,Kuzma,6.757499999999999,5.406,1.25,1
1981,Ligier,113.594,170.391,0.6666666666666666,28
1985,Minardi,38.881875,62.211,0.625,15
1991,Leyton House,92.69687500000002,148.31500000000003,0.625,30
1999,Sauber,109.91187499999998,175.85899999999998,0.625,31
2004,Renault,126.32111111111111,227.378,0.5555555555555556,30
2011,Sauber,115.40263157894735,219.265,0.5263157894736842,38
2019,Ferrari,105.56761904761906,221.69200000000004,0.47619047619047616,28
1980,Team Lotus,119.57071428571427,167.39899999999997,0.7142857142857143,30
2004,Jaguar,111.19388888888889,200.149,0.5555555555555556,33
2006,MF1,70.10722222222222,126.19299999999998,0.5555555555555556,25
2007,Williams,121.10411764705883,205.877,0.5882352941176471,32
2012,Red Bull Racing,129.484,258.968,0.5,33
2014,Force India,120.77842105263156,229.47899999999998,0.5263157894736842,34
2021,Aston Martin,115.80409090909089,254.76899999999998,0.45454545454545453,41
2023,Red Bull Racing,88.72045454545454,195.185,0.45454545454545453,24
1966,BRM,182.69,164.421,1.1111111111111112,24
1972,Ferrari,158.0091666666667,189.61100000000002,0.8333333333333334,27
1978,Shadow,78.071875,124.915,0.625,25
1988,Team Lotus,107.63250000000001,172.21200000000002,0.625,28
1994,Ligier,110.73312500000002,177.17300000000003,0.625,28
1999,Minardi,90.988125,145.581,0.625,28
1996,Footwork,92.17812500000001,147.485,0.625,28
1998,Minardi,82.6825,132.292,0.625,26
2001,Prost,95.09882352941176,161.66799999999998,0.5882352941176471,28
2020,Renault,127.90117647058823,217.432,0.5882352941176471,30
2024,RB,107.64291666666668,258.343,0.4166666666666667,43
1970,March,271.0015384615385,352.30199999999996,0.7692307692307693,53
1986,Zakspeed,78.470625,125.553,0.625,28
1992,Footwork,101.33875,162.142,0.625,27
1994,Simtek,67.389375,107.823,0.625,26
2019,Racing Point,114.7804761904762,241.03900000000002,0.47619047619047616,39
2004,BAR,134.2538888888889,241.65699999999998,0.5555555555555556,32
1989,Team Lotus,98.94562499999999,158.313,0.625,27
1984,Toleman,86.36124999999998,138.17799999999997,0.625,25
1998,Sauber,114.11375000000001,182.58200000000002,0.625,28
1985,Sauber,95.17125000000001,152.27400000000003,0.625,31
1990,Brabham,67.58812500000002,108.14100000000002,0.625,25
1978,Tyrrell,108.47812499999998,173.56499999999997,0.625,29
2012,HRT,46.25900000000001,92.51800000000001,0.5,26
1970,De Tomaso,35.81153846153847,46.55500000000001,0.7692307692307693,9
1987,Osella,36.368125,58.189,0.625,15
1967,Brabham-Repco,175.20272727272726,192.72299999999998,0.9090909090909091,24
2010,Renault,124.61105263157896,236.76100000000002,0.5263157894736842,36
1956,Ferrari,268.83125,215.065,1.25,30
1956,Connaught,51.65125,41.321,1.25,7
2007,McLaren,89.94058823529411,152.899,0.5882352941176471,18
1954,Gordini,155.1822222222222,139.664,1.1111111111111112,24
1968,Cooper-Maserati,13.525,16.23,0.8333333333333334,3
1959,Phillips,3.8200000000000003,3.438,1.1111111111111112,1
1991,Footwork,31.2275,49.964,0.625,12
1968,Brabham-Climax,5.0175,6.021,0.8333333333333334,1
2015,Force India,110.35157894736841,209.66799999999998,0.5263157894736842,31
1953,Gordini,144.3477777777778,129.913,1.1111111111111112,24
1968,Eagle-Weslake,25.64,30.768,0.8333333333333334,5
1963,Ferrari,128.059,128.059,1.0,19
1952,ERA,16.03375,12.827,1.25,3
1952,Stevens,8.786249999999999,7.029,1.25,2
1979,Fittipaldi,53.424666666666674,80.13700000000001,0.6666666666666666,15
1958,Kuzma,16.55090909090909,18.206,0.9090909090909091,5
1963,Lotus-Ford,5.585,5.585,1.0,1
1960,Porsche,15.485,15.485,1.0,2
1975,Maki,1.3735714285714287,1.923,0.7142857142857143,1
1957,Lesovsky,9.6175,7.694,1.25,2
1977,Boro,2.953529411764706,5.021,0.5882352941176471,1
1952,Deidt,2.5324999999999998,2.026,1.25,1
1950,Marchese,8.95,6.265,1.4285714285714286,1
1967,LDS-Climax,6.278181818181817,6.906,0.9090909090909091,1
1955,Phillips,7.017142857142857,4.912,1.4285714285714286,1
1954,Pankratz,6.000000000000001,5.4,1.1111111111111112,1
1951,Veritas,4.70625,3.765,1.25,1
1964,Lotus-Climax,173.23999999999998,173.23999999999998,1.0,23
1967,Lotus-Ford,140.27545454545455,154.303,0.9090909090909091,21
1968,Matra-Ford,107.68916666666668,129.227,0.8333333333333334,16
1971,March-Ford,188.5572727272727,207.41299999999998,0.9090909090909091,38
1974,Ferrari,133.32600000000002,199.98900000000003,0.6666666666666666,27
2010,HRT,52.682105263157894,100.096,0.5263157894736842,26
1977,Brabham,125.37411764705884,213.13600000000002,0.5882352941176471,33
1985,Tyrrell,103.6175,165.788,0.625,28
1988,Zakspeed,35.103750000000005,56.166000000000004,0.625,14
2008,Toro Rosso,112.71222222222222,202.882,0.5555555555555556,33
1964,Lotus-BRM,124.41499999999996,124.41499999999996,1.0,22
1960,Maserati,31.041,31.041,1.0,7
2013,Red Bull Racing,97.09736842105264,184.485,0.5263157894736842,23
2014,Caterham,60.86999999999999,115.65299999999999,0.5263157894736842,27
2018,Toro Rosso,107.74142857142854,226.25699999999995,0.47619047619047616,40
2021,Mercedes,100.56500000000001,221.24300000000002,0.45454545454545453,28
2024,Haas F1 Team,111.32874999999999,267.18899999999996,0.4166666666666667,44
1961,Lotus-Climax,381.98875,305.591,1.25,64
1973,Shadow,109.34399999999997,164.01599999999996,0.6666666666666666,34
1976,Ferrari,110.49,176.784,0.625,24
1981,Renault,112.42133333333331,168.63199999999998,0.6666666666666666,26
2009,Toro Rosso,97.23235294117647,165.295,0.5882352941176471,31
1957,Phillips,8.456249999999999,6.765,1.25,1
1987,Ferrari,122.07750000000003,195.32400000000004,0.625,30
1959,Cooper-Climax,319.36555555555555,287.429,1.1111111111111112,38
1968,McLaren-BRM,33.483333333333334,40.18,0.8333333333333334,7
1992,March,80.68875,129.102,0.625,25
1993,Larrousse,108.22062500000001,173.15300000000002,0.625,31
1962,Lola,120.63444444444447,108.57100000000001,1.1111111111111112,18
1994,Benetton,103.94999999999999,166.32,0.625,26
1998,Prost,90.196875,144.315,0.625,26
2001,Sauber,122.20058823529412,207.74099999999999,0.5882352941176471,32
2005,McLaren,134.2994736842105,255.169,0.5263157894736842,33
2014,McLaren,141.7821052631579,269.386,0.5263157894736842,37
1952,Maserati,123.0775,98.462,1.25,20
1973,Tyrrell,143.19866666666667,214.798,0.6666666666666666,29
2005,Williams,122.05684210526313,231.90799999999996,0.5263157894736842,34
2006,Toyota,124.12222222222223,223.42000000000002,0.5555555555555556,35
2015,McLaren,100.73947368421051,191.40499999999997,0.5263157894736842,35
2014,Williams,124.12421052631578,235.83599999999998,0.5263157894736842,31
1977,Fittipaldi,50.39411764705883,85.67,0.5882352941176471,15
1977,Surtees,91.63941176470587,155.78699999999998,0.5882352941176471,27
1990,Larrousse,94.51374999999999,151.22199999999998,0.625,28
2020,Red Bull Racing,123.28941176470592,209.59200000000004,0.5882352941176471,27
1978,Martini,18.230624999999996,29.168999999999997,0.625,5
1985,Lola,8.216875,13.147,0.625,4
1999,Prost,123.00812499999999,196.813,0.625,32
2001,Minardi,68.28470588235295,116.08400000000002,0.5882352941176471,24
1961,JBW,3.19,2.552,1.25,2
1967,Ferrari,114.65818181818182,126.12400000000001,0.9090909090909091,16
1988,Euro Brun,44.273125,70.837,0.625,18
2022,Ferrari,110.00863636363634,242.01899999999995,0.45454545454545453,30
2010,Red Bull Racing,106.17684210526318,201.73600000000005,0.5263157894736842,25
1998,Tyrrell,76.190625,121.90499999999999,0.625,24
1986,Team Lotus,118.049375,188.879,0.625,29
1963,ATS,65.176,65.176,1.0,17
2016,Manor Marussia,65.82952380952382,138.24200000000002,0.47619047619047616,31
2006,BMW Sauber,125.01666666666668,225.03,0.5555555555555556,34
1952,Simca,56.67125,45.337,1.25,8
2015,Williams,123.97210526315789,235.547,0.5263157894736842,32
1975,Parnelli,48.745,68.243,0.7142857142857143,12
1977,BRM,4.665882352941177,7.932,0.5882352941176471,2
1955,Lancia,81.15714285714286,56.809999999999995,1.4285714285714286,8
1965,Brabham-Ford,12.068,12.068,1.0,2
1958,Kurtis Kraft,60.29727272727273,66.327,0.9090909090909091,16
1966,Honda,40.01222222222223,36.011,1.1111111111111112,5
1958,Watson,19.601818181818178,21.561999999999998,0.9090909090909091,4
1966,McLaren-Serenissima,13.990000000000002,12.591000000000001,1.1111111111111112,2
1989,Zakspeed,4.244375,6.7909999999999995,0.625,2
1959,Cooper-Borgward,19.137777777777778,17.224,1.1111111111111112,3
1956,Cooper,7.3012500000000005,5.841,1.25,1
1960,Trevis,14.068000000000001,14.068000000000001,1.0,2
1962,LDS,6.562222222222222,5.906,1.1111111111111112,1
1951,Marchese,4.75375,3.803,1.25,1
1959,Lesovsky,11.572222222222221,10.415,1.1111111111111112,2
1950,Olson,3.2514285714285713,2.276,1.4285714285714286,1
1965,Sauber,6.444,6.444,1.0,1
1952,Trevis,5.5625,4.45,1.25,1
1954,Nichels,4.291111111111111,3.862,1.1111111111111112,1
1968,Cooper-BRM,108.90666666666667,130.688,0.8333333333333334,21
2003,McLaren,136.29812499999997,218.07699999999997,0.625,28
2011,Red Bull Racing,81.32052631578948,154.50900000000001,0.5263157894736842,18
1975,Tyrrell,152.31285714285715,213.23800000000003,0.7142857142857143,31
1977,March,109.93176470588236,186.88400000000001,0.5882352941176471,37
1980,McLaren,109.14214285714286,152.799,0.7142857142857143,26
1990,Leyton House,84.603125,135.365,0.625,26
1951,Talbot-Lago,289.87500000000006,231.90000000000003,1.25,38
1975,Penske,37.34357142857143,52.281,0.7142857142857143,9
1979,Brabham-Alfa Romeo,94.63666666666666,141.95499999999998,0.6666666666666666,26
1980,Williams,156.435,219.00900000000001,0.7142857142857143,28
1981,Sauber,117.45533333333333,176.183,0.6666666666666666,28
1985,Ligier,106.725625,170.761,0.625,29
2001,Jaguar,108.32529411764708,184.15300000000002,0.5882352941176471,32
2023,Sauber,101.31772727272725,222.89899999999997,0.45454545454545453,40
1963,Cooper-Climax,211.178,211.178,1.0,31
1994,Sauber,92.52812500000002,148.04500000000002,0.625,28
2003,Williams,139.835625,223.737,0.625,28
2011,HRT,43.24947368421053,82.174,0.5263157894736842,23
1964,Brabham-BRM,91.08899999999998,91.08899999999998,1.0,15
1989,Williams,128.269375,205.231,0.625,29
2001,BAR,120.25647058823532,204.43600000000004,0.5882352941176471,31
2006,Ferrari,109.55444444444447,197.19800000000004,0.5555555555555556,25
2022,Alpine F1 Team,122.54454545454549,269.59800000000007,0.45454545454545453,39
1983,Theodore,69.58,104.37,0.6666666666666666,22
1989,McLaren,88.45437500000001,141.52700000000002,0.625,19
1957,Ferrari,244.41375000000005,195.53100000000003,1.25,25
1986,Arrows,111.326875,178.123,0.625,31
2012,Sauber,119.916,239.832,0.5,39
2023,Haas F1 Team,101.59318181818179,223.50499999999994,0.45454545454545453,41
1991,Brabham,91.30125,146.082,0.625,28
1982,Ferrari,104.9225,167.876,0.625,25
1994,Minardi,101.35,162.16,0.625,31
1988,McLaren,72.5075,116.012,0.625,14
1988,Williams,112.176875,179.483,0.625,30
2008,Honda,103.3461111111111,186.02299999999997,0.5555555555555556,33
1963,Stebro,9.161999999999999,9.161999999999999,1.0,2
1988,Coloni,23.740625,37.985,0.625,8
1978,Renault,47.143125,75.429,0.625,14
2017,Ferrari,102.12049999999998,204.24099999999996,0.5,25
1995,Footwork,90.54470588235294,153.926,0.5882352941176471,31
1963,Scirocco,38.977,38.977,1.0,11
1983,ATS,47.82266666666667,71.73400000000001,0.6666666666666666,14
2001,Benetton,113.64588235294119,193.198,0.5882352941176471,33
1993,Footwork,102.85187499999999,164.563,0.625,30
1952,Alta,14.403749999999999,11.523,1.25,2
1951,Schroeder,10.915000000000001,8.732000000000001,1.25,2
1954,Kuzma,23.96,21.564,1.1111111111111112,3
1977,Wolf,73.9964705882353,125.794,0.5882352941176471,17
1983,Osella,35.90866666666666,53.863,0.6666666666666666,15
1953,Kuzma,24.327777777777783,21.895000000000003,1.1111111111111112,5
1992,Brabham,9.625625,15.401,0.625,4
1989,Coloni,11.0425,17.668,0.625,5
1955,Cooper,7.684285714285714,5.379,1.4285714285714286,1
1958,Epperly,30.245454545454546,33.27,0.9090909090909091,4
1975,Lola,24.512857142857143,34.318,0.7142857142857143,6
1980,Ensign,31.42,43.988,0.7142857142857143,9
1967,McLaren-Ford,13.209090909090907,14.53,0.9090909090909091,2
1962,Gilby,6.362222222222223,5.726,1.1111111111111112,2
1953,Del Roy,0.35000000000000003,0.315,1.1111111111111112,1
1956,Bugatti,5.779999999999999,4.624,1.25,1
1960,Aston Martin,13.85,13.85,1.0,3
1957,Connaught,18.11375,14.491,1.25,2
1956,Lesovsky,8.015,6.412,1.25,1
1952,Bromme,3.24625,2.597,1.25,1
2024,Kick Sauber,73.07958333333333,175.391,0.4166666666666667,34
1973,March,140.20866666666666,210.31300000000002,0.6666666666666666,41
1975,Surtees,42.114285714285714,58.96,0.7142857142857143,11
1976,Team Lotus,107.13000000000001,171.40800000000002,0.625,30
1985,Toleman,54.41125,87.058,0.625,20
2007,BMW Sauber,115.10000000000001,195.67000000000002,0.5882352941176471,26
2015,Manor Marussia,71.82,136.458,0.5263157894736842,28
2020,Mercedes,96.00705882352942,163.21200000000002,0.5882352941176471,19
1961,Ferrari,219.35125,175.481,1.25,23
1986,Ferrari,119.41062500000001,191.05700000000002,0.625,30
1991,Lola,47.136874999999996,75.419,0.625,20
1961,De Tomaso-Osca,4.36,3.488,1.25,2
1990,Benetton,126.831875,202.93099999999998,0.625,28
1994,Larrousse,86.90874999999998,139.05399999999997,0.625,31
1995,Benetton,128.54352941176472,218.524,0.5882352941176471,28
1997,Tyrrell,89.8664705882353,152.773,0.5882352941176471,28
1964,Ferrari,153.51999999999998,153.51999999999998,1.0,20
1977,Ligier,70.32647058823528,119.55499999999998,0.5882352941176471,18
2000,Jaguar,122.52176470588235,208.28699999999998,0.5882352941176471,34
2018,Sauber,104.10999999999999,218.63099999999997,0.47619047619047616,37
1983,RAM,8.592,12.888000000000002,0.6666666666666666,3
2025,McLaren,93.32999999999998,139.99499999999998,0.6666666666666666,16
1991,Tyrrell,111.86937499999998,178.99099999999996,0.625,32
1952,Watson,6.63625,5.309,1.25,1
1967,Lotus-BRM,45.306363636363635,49.837,0.9090909090909091,8
1984,Sauber,101.961875,163.139,0.625,30
2023,Aston Martin,120.93227272727272,266.051,0.45454545454545453,38
1952,Kurtis Kraft,128.03,102.424,1.25,21
1983,McLaren,102.99399999999999,154.49099999999999,0.6666666666666666,27
1997,Prost,124.89823529411764,212.32699999999997,0.5882352941176471,33
2013,Mercedes,133.9110526315789,254.43099999999995,0.5263157894736842,31
2018,Haas F1 Team,119.30095238095237,250.53199999999998,0.47619047619047616,39
1974,Team Lotus,134.87866666666667,202.31800000000004,0.6666666666666666,33
1988,Osella,23.642500000000002,37.828,0.625,11
1958,Maserati,224.78545454545457,247.26400000000004,0.9090909090909091,40
1975,Fittipaldi,33.21071428571429,46.495000000000005,0.7142857142857143,10
1982,Arrows,85.97312500000001,137.55700000000002,0.625,24
1996,Tyrrell,99.39625,159.034,0.625,27
2016,McLaren,109.34238095238095,229.619,0.47619047619047616,38
1954,Mercedes,141.47222222222223,127.325,1.1111111111111112,16
1979,Renault,112.21,168.315,0.6666666666666666,30
2002,BAR,117.85764705882352,200.35799999999998,0.5882352941176471,33
1987,Team Lotus,136.96875000000003,219.15000000000003,0.625,31
1991,Lambo,17.081249999999997,27.33,0.625,6
2010,Lotus,65.80526315789473,125.03,0.5263157894736842,29
1975,Brabham,129.81714285714287,181.744,0.7142857142857143,25
1980,Osella,30.27357142857143,42.383,0.7142857142857143,10
2000,Benetton,119.91294117647058,203.85199999999998,0.5882352941176471,32
2017,Force India,121.53900000000002,243.07800000000003,0.5,33
2021,Red Bull Racing,106.67636363636363,234.688,0.45454545454545453,30
1962,Porsche,191.5655555555556,172.40900000000002,1.1111111111111112,28
1969,McLaren-Ford,185.9,204.49,0.9090909090909091,27
1991,AGS,7.025625,11.241,0.625,3
2016,Williams,122.67380952380952,257.615,0.47619047619047616,38
1960,Watson,45.121,45.121,1.0,8
2025,Williams,118.32333333333332,177.48499999999999,0.6666666666666666,28
2000,BAR,123.32000000000002,209.64400000000003,0.5882352941176471,32
2002,Jaguar,108.8658823529412,185.07200000000003,0.5882352941176471,32
2007,Toyota,113.74235294117649,193.36200000000002,0.5882352941176471,31
2010,Mercedes,127.33421052631579,241.935,0.5263157894736842,34
1973,Tecno,12.854666666666667,19.282,0.6666666666666666,4
1983,Williams,129.40799999999996,194.11199999999997,0.6666666666666666,29
2005,Jordan,93.11473684210526,176.918,0.5263157894736842,32
1975,BRM,28.535,39.949,0.7142857142857143,10
2002,Renault,120.25352941176472,204.431,0.5882352941176471,31
1989,Osella,27.027499999999996,43.24399999999999,0.625,11
1993,Benetton,107.57687500000002,172.12300000000002,0.625,25
2006,Spyker MF1,20.05777777777778,36.104,0.5555555555555556,8
1950,Lesovsky,17.94571428571429,12.562000000000001,1.4285714285714286,2
1960,Kurtis Kraft,26.392000000000003,26.392000000000003,1.0,8
1980,ATS,50.931428571428576,71.304,0.7142857142857143,13
1992,Tyrrell,98.66125,157.858,0.625,31
1968,Honda,82.71833333333335,99.26200000000001,0.8333333333333334,14
1955,Vanwall,45.658571428571435,31.961000000000002,1.4285714285714286,6
1958,Dunn,1.9063636363636363,2.097,0.9090909090909091,1
1951,HWM,14.5475,11.638,1.25,2
1950,Adams,3.1342857142857143,2.194,1.4285714285714286,1
1967,Lotus-Climax,6.8554545454545455,7.541,0.9090909090909091,1
1977,Kojima,5.8358823529411765,9.921,0.5882352941176471,2
1959,Vanwall,3.2711111111111113,2.944,1.1111111111111112,1
1967,Matra,12.639999999999999,13.904,0.9090909090909091,3
1979,Rebaque,3.0606666666666666,4.591,0.6666666666666666,1
1962,Lotus-Borgward,0.3844444444444444,0.346,1.1111111111111112,1
1962,Cooper-Alfa Romeo,5.927777777777778,5.335,1.1111111111111112,1
1955,Ferrari,220.30285714285716,154.21200000000002,1.4285714285714286,22
1968,Lola,5.3116666666666665,6.374,0.8333333333333334,1
1986,McLaren,145.69375,233.10999999999999,0.625,31
1959,Elder,2.3722222222222222,2.135,1.1111111111111112,1
1959,Ferrari,211.67333333333337,190.50600000000003,1.1111111111111112,25
1999,BAR,105.14875000000002,168.23800000000003,0.625,30
2004,Minardi,64.92722222222221,116.86899999999999,0.5555555555555556,24
2011,Renault,100.28421052631577,190.54,0.5263157894736842,32
2013,Sauber,111.08842105263159,211.06800000000004,0.5263157894736842,35
2010,Sauber,101.20157894736838,192.28299999999993,0.5263157894736842,35
2025,Ferrari,138.936,208.40400000000002,0.6666666666666666,27
1981,Tyrrell,91.80066666666667,137.70100000000002,0.6666666666666666,25
1984,Brabham,121.35937500000003,194.17500000000004,0.625,30
1988,Arrows,125.86937500000002,201.39100000000002,0.625,32
1982,ATS,72.644375,116.231,0.625,24
1998,Benetton,120.82375,193.318,0.625,27
2004,Sauber,120.71388888888887,217.28499999999997,0.5555555555555556,32
1970,BRM,159.66384615384615,207.563,0.7692307692307693,34
1960,BRM,144.28299999999996,144.28299999999996,1.0,22
2020,Haas F1 Team,83.77411764705884,142.41600000000003,0.5882352941176471,28
2020,Sauber,84.28235294117646,143.27999999999997,0.5882352941176471,26
1994,Tyrrell,101.7425,162.788,0.625,29
2025,Alpine,97.332,145.998,0.6666666666666666,27
1953,Kurtis Kraft,123.43777777777778,111.094,1.1111111111111112,20
1964,BRP,81.09199999999998,81.09199999999998,1.0,13
1970,Brabham,135.14230769230767,175.68499999999997,0.7692307692307693,26
1999,Benetton,124.62625000000001,199.40200000000002,0.625,31
2016,Ferrari,107.2352380952381,225.19400000000002,0.47619047619047616,30
1992,Larrousse,85.13937499999999,136.22299999999998,0.625,30
2014,Marussia,65.7478947368421,124.92099999999999,0.5263157894736842,27
1954,Kurtis Kraft,111.32222222222222,100.19,1.1111111111111112,21
2018,Mercedes,93.49190476190475,196.333,0.47619047619047616,23
1970,Surtees,37.15692307692308,48.304,0.7692307692307693,8
1983,Ferrari,128.80999999999997,193.21499999999997,0.6666666666666666,25
1986,Williams,109.36687500000002,174.98700000000002,0.625,22
2015,Lotus F1,105.52368421052631,200.495,0.5263157894736842,33
1978,Ligier,68.883125,110.21300000000001,0.625,15
1980,Arrows,105.14785714285713,147.207,0.7142857142857143,25
1989,Arrows,110.168125,176.269,0.625,30
2014,Lotus F1,90.51842105263158,171.985,0.5263157894736842,33
1985,Renault,116.21625,185.946,0.625,31
1965,Brabham-Climax,245.48,245.48,1.0,36
2024,Red Bull Racing,115.88583333333335,278.12600000000003,0.4166666666666667,36
1960,Ewing,5.35,5.35,1.0,2
1955,Connaught,23.307142857142853,16.314999999999998,1.4285714285714286,4
1982,Osella,42.50250000000001,68.00400000000002,0.625,17
1971,Tyrrell,135.67090909090908,149.238,0.9090909090909091,20
2008,Super Aguri,21.214444444444446,38.186,0.5555555555555556,8
1982,Theodore,16.768125,26.829000000000004,0.625,7
1950,Talbot-Lago,311.92571428571426,218.34799999999998,1.4285714285714286,32
1994,Pacific,15.610000000000001,24.976000000000003,0.625,7
1991,Larrousse,10.485625,16.777,0.625,4
1975,Lyncar,2.8992857142857145,4.059,0.7142857142857143,1
1979,Wolf,45.68399999999998,68.52599999999998,0.6666666666666666,13
1983,Spirit,19.22533333333333,28.838,0.6666666666666666,6
1967,Cooper-Climax,8.446363636363637,9.291,0.9090909090909091,1
1957,Cooper,100.89625,80.717,1.25,14
1979,Merzario,4.121333333333333,6.182,0.6666666666666666,2
1967,Protos,7.409090909090907,8.149999999999999,0.9090909090909091,2
1956,Phillips,9.44875,7.559,1.25,1
1959,Connaught,5.251111111111111,4.726,1.1111111111111112,1
1962,Emeryson,23.33888888888889,21.005,1.1111111111111112,5
1968,LDS,4.034166666666667,4.841,0.8333333333333334,1
1951,Sherman,8.695,6.956,1.25,1
1971,Bellasi,3.037272727272727,3.341,0.9090909090909091,1
1965,Cooper-Maserati,0.404,0.404,1.0,1
1953,Watson,2.5944444444444446,2.335,1.1111111111111112,1
1952,HWM,153.485,122.78800000000001,1.25,22
1997,Stewart,102.66058823529411,174.523,0.5882352941176471,33
1957,Maserati,439.9987500000001,351.9990000000001,1.25,50
1963,Brabham,132.688,132.688,1.0,18
1983,Toleman,99.20133333333331,148.80199999999996,0.6666666666666666,27
1985,Williams,135.99437500000002,217.59100000000004,0.625,31
1988,Rial,49.739999999999995,79.58399999999999,0.625,16
2008,BMW Sauber,142.06055555555557,255.709,0.5555555555555556,32
2011,McLaren,114.4315789473684,217.41999999999996,0.5263157894736842,27
2011,Williams,92.06631578947366,174.92599999999996,0.5263157894736842,34
2017,Toro Rosso,112.594,225.188,0.5,38
1970,McLaren-Ford,150.53307692307686,195.69299999999993,0.7692307692307693,29
1972,Surtees,151.46083333333337,181.75300000000004,0.8333333333333334,35
1988,Ligier,59.49625000000001,95.19400000000002,0.625,23
1995,Ferrari,118.23588235294119,201.001,0.5882352941176471,28
1989,Dallara,97.0125,155.22,0.625,27
1998,Williams,136.33625,218.138,0.625,29
1998,McLaren,102.05625,163.29000000000002,0.625,20
1999,McLaren,100.69624999999999,161.11399999999998,0.625,21
1963,BRM,163.787,163.787,1.0,23
1967,Honda,64.5090909090909,70.96,0.9090909090909091,9
1986,Benetton,124.021875,198.435,0.625,32
1997,Jordan,127.59529411764704,216.91199999999998,0.5882352941176471,32
2000,Ferrari,102.30823529411765,173.924,0.5882352941176471,22
2009,BMW Sauber,127.51999999999998,216.78399999999996,0.5882352941176471,33
2012,Lotus F1,133.6455,267.291,0.5,37
1969,Brabham-Ford,220.45636363636362,242.50199999999998,0.9090909090909091,33
1973,McLaren,170.44466666666668,255.66700000000003,0.6666666666666666,34
1985,McLaren,133.179375,213.087,0.625,29
1972,BRM,181.04,217.248,0.8333333333333334,44
1994,Team Lotus,99.025625,158.441,0.625,32
1973,Ensign,18.160666666666664,27.241,0.6666666666666666,7
1988,Dallara,42.019375,67.231,0.625,14
1990,Ferrari,141.79437500000003,226.87100000000004,0.625,30
2009,Toyota,137.12352941176474,233.11000000000004,0.5882352941176471,33
2022,Aston Martin,95.41772727272726,209.91899999999998,0.45454545454545453,35
1966,Ferrari,139.4588888888889,125.513,1.1111111111111112,16
1971,Matra,107.7490909090909,118.52399999999999,0.9090909090909091,17
1980,Ligier,147.75714285714287,206.86,0.7142857142857143,28
1951,Kurtis Kraft,110.90125,88.721,1.25,16
1981,Team Lotus,108.92933333333333,163.394,0.6666666666666666,27
1999,Williams,115.90375,185.446,0.625,28
1955,Stevens,3.7399999999999998,2.618,1.4285714285714286,1
1960,Cooper-Castellotti,30.604999999999997,30.604999999999997,1.0,5
1996,Jordan,118.17750000000001,189.084,0.625,28
1979,Ferrari,112.97266666666668,169.45900000000003,0.6666666666666666,21
1985,RAM,51.574374999999996,82.51899999999999,0.625,20
2010,Virgin,63.59842105263157,120.83699999999999,0.5263157894736842,31
2006,Toro Rosso,102.94722222222221,185.30499999999998,0.5555555555555556,33
1956,BRM,26.61,21.288,1.25,5
1975,Shadow-Ford,112.19785714285715,157.077,0.7142857142857143,26
1992,Jordan,75.760625,121.21700000000001,0.625,28
1991,Jordan,101.20062499999997,161.92099999999996,0.625,27
2001,Arrows,88.46411764705883,150.389,0.5882352941176471,28
1951,Watson,0.6025,0.482,1.25,1
2002,Ferrari,76.5464705882353,130.129,0.5882352941176471,16
1989,Ligier,64.30499999999999,102.88799999999999,0.625,21
1950,Milano,2.53,1.771,1.4285714285714286,1
1978,Arrows,84.035,134.456,0.625,23
2012,Marussia,63.53799999999999,127.07599999999998,0.5,30
1972,Brabham,149.82916666666668,179.79500000000002,0.8333333333333334,32
1993,Ferrari,110.97625000000001,177.562,0.625,28
1987,Larrousse,59.80625000000002,95.69000000000003,0.625,18
1959,Porsche,21.90888888888889,19.718,1.1111111111111112,3
1951,Sauber,235.63874999999996,188.51099999999997,1.25,24
1965,Brabham-BRM,108.786,108.786,1.0,17
1970,McLaren-Alfa Romeo,21.452307692307695,27.888,0.7692307692307693,5
2008,Toyota,128.31944444444446,230.975,0.5555555555555556,33
2019,Mercedes,90.76238095238095,190.601,0.47619047619047616,22
1989,Rial,15.749375,25.199,0.625,5
1960,Phillips,8.579,8.579,1.0,1
1968,Matra,58.9325,70.719,0.8333333333333334,11
1957,Dunn,3.4699999999999998,2.776,1.25,1
1961,Emeryson,0.9375,0.75,1.25,2
1976,Boro,13.938750000000002,22.302000000000003,0.625,5
1965,RE,0.615,0.615,1.0,1
1967,Cooper-ATS,4.529090909090909,4.982,0.9090909090909091,1
1950,Snowberger,2.9871428571428575,2.091,1.4285714285714286,1
1957,Kuzma,29.793750000000003,23.835,1.25,4
1984,McLaren,121.66312500000001,194.661,0.625,25
1984,Williams,106.095,169.752,0.625,30
1997,Arrows,104.51588235294116,177.67699999999996,0.5882352941176471,32
2004,Ferrari,94.4961111111111,170.093,0.5555555555555556,20
2014,Toro Rosso,103.89368421052629,197.39799999999997,0.5263157894736842,33
2016,Sauber,80.1557142857143,168.32700000000003,0.47619047619047616,35
2018,McLaren,98.72428571428571,207.321,0.47619047619047616,35
1954,Ferrari,307.62888888888904,276.8660000000001,1.1111111111111112,40
2008,McLaren,138.3411111111111,249.01399999999998,0.5555555555555556,31
1961,BRM,125.24374999999999,100.195,1.25,16
1988,Larrousse,94.99374999999999,151.98999999999998,0.625,29
2013,Ferrari,131.62526315789475,250.08800000000002,0.5263157894736842,32
2022,Red Bull Racing,113.37045454545452,249.41499999999996,0.45454545454545453,30
1981,Theodore,49.652,74.47800000000001,0.6666666666666666,13
1986,Brabham,102.98437500000003,164.77500000000003,0.625,30
2008,Williams,112.42222222222222,202.35999999999999,0.5555555555555556,32
2020,Ferrari,128.0194117647059,217.633,0.5882352941176471,32
1950,Simca,38.39428571428572,26.876000000000005,1.4285714285714286,5
1952,Veritas,54.30875,43.447,1.25,9
1964,BRM,247.761,247.761,1.0,36
1982,Tyrrell,124.440625,199.105,0.625,31
1987,Ligier,90.07562499999999,144.12099999999998,0.625,30
2009,McLaren,131.0423529411765,222.77200000000002,0.5882352941176471,32
2018,Williams,92.89619047619047,195.082,0.47619047619047616,37
1977,Team Lotus,121.03529411764706,205.76,0.5882352941176471,31
1989,Larrousse,63.980625,102.369,0.625,23
2001,Jordan,124.92411764705884,212.371,0.5882352941176471,32
2009,Williams,115.32352941176471,196.05,0.5882352941176471,30
2025,Haas F1 Team,118.28666666666665,177.42999999999998,0.6666666666666666,30
1953,Connaught,94.53333333333333,85.08,1.1111111111111112,20
1975,Ferrari,121.31285714285713,169.83799999999997,0.7142857142857143,22
1984,RAM,65.38874999999999,104.62199999999999,0.625,26
1981,Osella,39.717999999999996,59.577,0.6666666666666666,12
2020,Racing Point,133.61529411764707,227.146,0.5882352941176471,31
1967,Cooper-Maserati,220.7881818181818,242.867,0.9090909090909091,36
1967,Eagle-Weslake,76.78454545454547,84.46300000000002,0.9090909090909091,13
2015,Toro Rosso,123.74526315789471,235.11599999999996,0.5263157894736842,37
1968,Brabham-Repco,154.12499999999997,184.94999999999996,0.8333333333333334,29
2019,Renault,114.18761904761905,239.794,0.47619047619047616,38
1983,Sauber,105.724,158.586,0.6666666666666666,28
1955,Kurtis Kraft,156.96142857142857,109.87299999999999,1.4285714285714286,21
1981,ATS,28.218000000000004,42.327000000000005,0.6666666666666666,9
2016,Haas F1 Team,97.4247619047619,204.59199999999998,0.47619047619047616,37
1958,Lesovsky,6.86909090909091,7.556000000000001,0.9090909090909091,2
1956,Gordini,91.4775,73.182,1.25,13
2007,Spyker,63.80294117647059,108.465,0.5882352941176471,25
1951,ERA,17.48125,13.985,1.25,2
2020,AlphaTauri,124.9929411764706,212.488,0.5882352941176471,32
1950,Maserati,271.53142857142865,190.07200000000003,1.4285714285714286,33
1953,Ferrari,289.2066666666667,260.286,1.1111111111111112,36
1959,Watson,30.987777777777776,27.888999999999996,1.1111111111111112,4
1956,Emeryson,2.83875,2.271,1.25,1
1954,Connaught,26.96777777777778,24.271,1.1111111111111112,5
1967,Brabham-Climax,37.95909090909091,41.755,0.9090909090909091,6
2010,Ferrari,125.98947368421052,239.38,0.5263157894736842,31
1990,Euro Brun,5.615,8.984,0.625,3
1966,Shannon,4.304444444444445,3.874,1.1111111111111112,1
1974,Parnelli,7.131333333333332,10.697,0.6666666666666666,2
1976,Ligier,61.43750000000001,98.30000000000001,0.625,15
1959,Kurtis Kraft,59.71444444444444,53.742999999999995,1.1111111111111112,13
1965,Cooper-Climax,137.214,137.214,1.0,22
1962,ENB,4.865555555555555,4.379,1.1111111111111112,1
1976,Parnelli,8.163125,13.061,0.625,2
1960,Vanwall,4.726,4.726,1.0,1
1951,Deidt,28.09625,22.477,1.25,4
1976,Kojima,4.18,6.688,0.625,1
