season,Equipo,Puntos F1GOAT (Temporada),puntos_total,factor,gps_disputados
2025,Mercedes,77.74,116.60999999999997,0.6666666666666667,15
1950,Nichels,69.6,6.96,10.0,1
1950,Rae,48.0,4.8,10.0,1
1951,Moore,74.4,7.44,10.0,1
1952,Ferrari,72.074,57.65899999999999,1.2500043358365565,8
1952,Aston Butterworth,50.717,15.215,3.333355241537956,3
1952,Connaught,70.517,21.155,3.333349090049633,3
1953,Veritas,53.745,10.748999999999999,5.0,2
1953,EMW,53.4,5.34,10.0,1
1954,Vanwall,59.667,17.900000000000002,3.333351955307262,3
1955,Mercedes,81.142,48.685,1.6666735134024853,6
1956,Stevens,61.8,6.18,10.0,1
1958,Team Lotus,68.889,62.0,1.1111129032258065,9
1963,De Tomaso,48.2,14.459999999999999,3.333333333333334,3
1963,Porsche,63.52,57.168000000000006,1.111111111111111,9
1964,Brabham-Ford,52.8,5.28,9.999999999999998,1
1965,Lotus-BRM,68.057,68.057,1.0,10
1965,Lotus-Climax,78.415,78.41499999999999,1.0000000000000002,10
1966,McLaren-Ford,72.8,21.84,3.333333333333333,3
1969,Matra-Ford,82.5,90.75,0.9090909090909091,11
1970,Ferrari,78.492,102.03999999999999,0.7692277538220307,13
1972,March,64.514,77.417,0.8333311804900732,12
1972,Tecno,49.967,29.980000000000004,1.6666777851901264,6
1975,Hesketh,72.907,102.07000000000001,0.7142843146859997,14
1975,McLaren,74.071,103.7,0.714281581485053,14
1975,Williams,58.431,75.96,0.7692338072669826,13
1975,Embassy Hill,65.43,65.42999999999999,1.0000000000000002,10
1975,Ensign,63.943,44.76,1.428574620196604,7
1976,Brabham-Alfa Romeo,66.075,105.72000000000001,0.625,16
1978,Team Lotus,76.187,121.89999999999998,0.6249958982772765,16
1980,Tyrrell,65.693,91.97,0.7142872675872567,14
1980,Shadow,61.8,6.18,10.0,1
1981,Arrows,65.52,98.28000000000002,0.6666666666666665,15
1983,Brabham,75.28,112.91999999999999,0.6666666666666667,15
1984,Ferrari,74.1,118.56,0.6249999999999999,16
1984,Spirit,61.029,85.44,0.7142907303370787,14
1985,Zakspeed,53.16,53.16,1.0,10
1986,Minardi,56.64,84.96000000000001,0.6666666666666666,15
1988,AGS,61.763,98.82000000000001,0.6250050597045131,16
1988,Tyrrell,60.48,90.72,0.6666666666666666,15
1989,Tyrrell,66.244,105.98999999999998,0.6250023587130863,16
1989,AGS,64.2,38.52,1.6666666666666665,6
1990,Onyx,60.3,30.15,2.0,5
2002,Toyota,66.494,113.03999999999999,0.5882342533616419,17
2004,McLaren,73.983,133.17,0.5555530524892994,18
2004,Williams,77.433,139.38,0.5555531640120535,18
2005,Red Bull Racing,71.305,135.48000000000002,0.526313847062297,19
2006,Honda,76.65,137.97,0.5555555555555556,18
2007,Renault,73.941,125.69999999999999,0.5882338902147972,17
2008,Ferrari,81.767,147.17999999999998,0.5555578203560266,18
2009,Ferrari,73.824,125.5,0.5882390438247012,17
2010,McLaren,80.526,152.99999999999997,0.5263137254901962,19
2010,Williams,70.547,134.04000000000002,0.5263130408833183,19
2011,Virgin,56.337,107.03999999999999,0.5263172645739911,19
2013,Caterham,58.563,111.26999999999998,0.5263143704502562,19
2013,McLaren,73.8,140.22,0.5263157894736842,19
2013,Williams,65.084,123.66000000000001,0.5263140870127769,19
2014,Red Bull Racing,79.5,151.04999999999998,0.5263157894736843,19
2015,Red Bull Racing,75.663,143.75999999999996,0.52631469115192,19
1959,BRM,76.436,53.504999999999995,1.4285767685263062,7
1959,Cooper-OSCA,70.2,7.02,10.000000000000002,1
1960,Ferrari,78.306,62.645,1.24999600925852,8
2016,Mercedes,85.843,180.26999999999998,0.47619126865257677,21
2018,Ferrari,83.9,176.19000000000003,0.47619047619047616,21
2020,McLaren,76.324,129.75,0.5882389210019268,17
2020,Williams,62.606,106.42999999999999,0.588236399511416,17
2012,Force India,71.64,143.28,0.5,20
2024,Mercedes,79.238,190.17,0.4166692958931483,24
1950,Ferrari,75.314,37.657000000000004,1.9999999999999996,5
1951,Hall,49.2,4.92,10.0,1
1953,Maserati,75.778,60.622,1.2500082478308205,8
1953,Simca,61.2,12.24,5.0,2
1954,Maserati,71.129,56.903,1.2500043934414706,8
1954,Pawl,55.8,5.58,10.0,1
1955,Schroeder,51.0,5.1,10.0,1
1958,BRM,74.594,67.13499999999999,1.1111044909510688,9
1961,Cooper-Climax,66.061,52.849,1.2499952695415242,8
1961,De Tomaso-Alfa Romeo,49.8,4.98,9.999999999999998,1
1964,Cooper-Climax,73.23,73.23,1.0,10
1964,Scirocco,57.4,11.48,5.0,2
1965,BRM,79.289,79.28899999999999,1.0000000000000002,10
1966,Eagle-Climax,72.686,50.879999999999995,1.4285770440251575,7
1969,Brabham-Repco,71.7,7.17,10.0,1
1974,McLaren,74.633,111.95,0.6666636891469405,15
1974,Hesketh,68.954,89.64,0.7692324854975456,13
1974,Ensign,60.8,36.480000000000004,1.6666666666666663,6
1974,Token,60.2,18.06,3.333333333333334,3
1975,Shadow-Matra,60.3,12.059999999999999,5.0,2
1976,McLaren,76.444,122.31,0.6250020439865914,16
1976,Williams,70.8,7.08,10.0,1
1976,Ensign,65.743,92.03999999999999,0.7142872664059104,14
1976,Hesketh,58.142,69.77,0.8333381109359325,12
1977,LEC,60.6,18.18,3.3333333333333335,3
1978,Brabham,75.144,120.23000000000002,0.6250020793479164,16
1978,Fittipaldi,70.35,112.56,0.6249999999999999,16
1978,Surtees,59.233,88.85,0.6666629150253236,15
1979,Shadow,62.786,87.89999999999999,0.7142889647326508,14
1979,Tyrrell,72.813,109.22,0.6666636147225783,15
1981,March,62.6,56.34,1.1111111111111112,9
1981,Toleman,63.3,12.66,5.0,2
1983,Team Lotus,66.04,99.05999999999997,0.6666666666666669,15
1984,Ligier,63.6,101.75999999999998,0.6250000000000001,16
1987,McLaren,77.175,123.47999999999999,0.625,16
1987,Williams,80.712,129.14,0.6249961282329256,16
1987,Coloni,45.0,4.5,10.0,1
1989,Onyx,63.275,75.92999999999999,0.8333333333333334,12
1990,Tyrrell,67.281,107.64999999999999,0.6249976776590804,16
1990,AGS,56.288,45.03,1.2500111037086385,8
1995,Pacific,56.559,96.14999999999999,0.5882371294851795,17
1995,Tyrrell,66.476,113.00999999999999,0.5882311299884966,17
1996,Benetton,79.088,126.54,0.6250039513197407,16
1997,Benetton,77.647,132.0,0.5882348484848485,17
2000,Prost,62.859,106.86000000000001,0.5882369455362155,17
2003,Toyota,71.325,114.12,0.625,16
2005,Ferrari,75.979,144.36,0.5263161540592961,19
2008,Red Bull Racing,71.267,128.28,0.5555581540380418,18
2009,Brawn,82.871,140.88000000000002,0.5882382169222031,17
2009,Red Bull Racing,80.029,136.04999999999998,0.5882322675486954,17
2014,Ferrari,76.863,146.04,0.5263147082990962,19
2015,Ferrari,80.732,153.39000000000004,0.5263185344546579,19
1959,Team Lotus,68.05,54.43999999999999,1.2500000000000002,8
1960,Cooper-Maserati,65.656,52.52500000000001,1.2499952403617323,8
1959,JBW,57.0,5.7,10.0,1
1991,Benetton,74.044,118.46999999999998,0.6250021102388791,16
1992,Benetton,78.581,125.72999999999999,0.6249980116121849,16
1992,Andrea Moda,44.575,8.915,5.000000000000001,2
1993,Lola,58.95,82.53,0.7142857142857143,14
1993,Tyrrell,57.788,92.46000000000002,0.625005407743889,16
2018,Red Bull Racing,78.057,163.92000000000002,0.47618960468521226,21
2021,Haas F1 Team,60.123,132.27,0.45454751644363794,22
2021,Sauber,67.35,148.17,0.45454545454545453,22
2022,McLaren,73.2,161.04,0.4545454545454546,22
2022,Williams,64.023,140.85,0.45454739084132056,22
2010,Toro Rosso,66.332,126.03,0.5263191303657858,19
2013,Toro Rosso,67.832,128.88,0.5263190564866542,19
2025,Alpine,65.7,98.55,0.6666666666666667,15
2025,Ferrari,78.7,118.05,0.6666666666666667,15
2024,Red Bull Racing,79.975,191.93999999999997,0.4166666666666667,24
1950,Talbot-Lago,73.103,43.862,1.6666590670740047,6
1951,Sherman,68.4,6.84,10.000000000000002,1
1953,Kurtis Kraft,65.79,6.579,10.000000000000002,1
1953,Watson,50.4,5.04,10.0,1
1954,Kurtis Kraft,61.56,6.156,10.0,1
1955,Ferrari,75.648,45.389,1.6666593227433957,6
1955,Connaught,58.56,5.856,10.0,1
1956,Phillips,72.6,7.26,10.0,1
1957,Cooper,70.14,35.07,2.0,5
1962,Emeryson,57.9,23.16,2.5,4
1964,BRP,70.013,56.01,1.2500089269773256,8
1965,Brabham-Climax,74.082,74.082,1.0,10
1965,Cooper-Maserati,37.25,3.725,10.0,1
1967,Cooper-Climax,86.4,8.64,10.0,1
1967,Protos,56.4,5.64,10.0,1
1968,LDS,60.6,6.06,10.0,1
1968,Lola,69.0,6.9,10.0,1
1970,BRM,69.615,90.5,0.7692265193370165,13
1970,Brabham,73.938,96.11999999999999,0.7692259675405744,13
1970,Surtees,69.129,48.39,1.428580285182889,7
1971,Tyrrell,79.218,87.14,0.9090888225843471,11
1971,Bellasi,53.4,5.34,10.0,1
1975,Lyncar,55.8,5.58,10.0,1
1978,Ligier,75.9,121.44000000000001,0.625,16
1979,Merzario,52.2,10.440000000000001,5.0,2
1979,Wolf,64.629,90.47999999999999,0.7142904509283821,14
1980,Arrows,66.8,93.52,0.7142857142857143,14
1981,Tyrrell,65.18,97.77000000000001,0.6666666666666666,15
1982,ATS,60.88,91.32,0.6666666666666667,15
1982,Osella,57.129,79.97999999999999,0.7142910727681921,14
1982,Theodore,55.2,38.64,1.4285714285714286,7
1983,Ferrari,79.42,119.13,0.6666666666666667,15
1983,Spirit,62.0,37.2,1.6666666666666665,6
1984,Brabham,72.356,115.77,0.62499784054591,16
1985,Renault,69.34,104.00999999999998,0.6666666666666669,15
1986,McLaren,78.113,124.98,0.6250040006401024,16
1986,Williams,82.688,132.3,0.6250037792894936,16
1988,Arrows,70.256,112.40999999999998,0.6249977759985768,16
1989,Arrows,66.469,106.35,0.6250023507287259,16
1998,Benetton,76.106,121.77000000000001,0.6249979469491663,16
1999,BAR,66.488,106.38,0.6250047001316037,16
1999,Benetton,70.988,113.58,0.625004402183483,16
2004,Minardi,61.367,110.46000000000002,0.5555585732391815,18
2004,Sauber,72.417,130.35,0.5555581127733027,18
2008,Super Aguri,60.6,24.240000000000002,2.5,4
2010,Sauber,65.274,124.02000000000001,0.526318335752298,19
2011,Renault,69.679,132.39,0.5263161870231892,19
2013,Sauber,68.763,130.65,0.5263145809414467,19
2014,Lotus F1,63.821,121.26,0.5263153554346033,19
2014,Marussia,60.244,96.39,0.6250025936300446,16
2015,Lotus F1,70.137,133.26,0.5263169743358848,19
1959,Ferrari,78.763,55.134,1.4285740196611891,7
1959,Elder,45.0,4.5,10.0,1
1959,Connaught,62.4,6.24,10.0,1
1960,BRM,73.363,58.69,1.2500085193388994,8
1960,Ewing,51.55,5.155,9.999999999999998,1
1991,Larrousse,58.8,11.76,5.0,2
1992,Larrousse,60.412,96.66,0.6249948272294641,16
1994,Pacific,52.8,26.4,2.0,5
1994,Tyrrell,66.919,107.07,0.6250023349210797,16
2016,Ferrari,79.5,166.95000000000002,0.47619047619047616,21
2018,Mercedes,85.114,178.73999999999998,0.4761888776994518,21
2020,Haas F1 Team,62.947,107.00999999999998,0.5882347444164099,17
2020,Sauber,65.241,110.91,0.5882337030024344,17
1951,Lesovsky,43.5,4.35,10.0,1
1951,OSCA,70.2,7.02,10.000000000000002,1
1952,Kuzma,86.4,8.64,10.0,1
1953,Bromme,49.0,4.9,10.0,1
1954,Bromme,38.7,3.87,10.0,1
1957,Vanwall,79.017,47.410000000000004,1.666673697532166,6
1958,Porsche,68.4,13.68,5.000000000000001,2
1963,Lotus-BRM,64.702,64.702,1.0,10
1963,Lotus-Climax,73.062,73.062,1.0,10
1963,Team Lotus,49.4,4.94,9.999999999999998,1
1966,Brabham-Climax,69.729,48.81,1.4285802089735709,7
1966,Cooper-Maserati,74.939,67.44500000000001,1.1111127585439986,9
1966,Eagle-Weslake,61.6,18.48,3.3333333333333335,3
1968,BRM,72.15,86.58,0.8333333333333334,12
1970,Bellasi,52.2,5.22,10.000000000000002,1
1970,Tyrrell,72.8,21.84,3.333333333333333,3
1971,BRM,72.218,79.44,0.9090886203423969,11
1971,Brabham,65.964,72.56,0.9090959206174201,11
1971,Surtees,67.8,74.58,0.9090909090909091,11
1971,Lotus-Pratt &amp; Whitney,62.8,18.84,3.333333333333333,3
1972,Matra,74.25,89.1,0.8333333333333334,12
1972,Team Lotus,70.575,84.69,0.8333333333333334,12
1974,Trojan,58.0,34.8,1.6666666666666667,6
1977,Renault,59.55,23.820000000000004,2.4999999999999996,4
1978,Merzario,55.5,44.400000000000006,1.2499999999999998,8
1978,Wolf,71.306,114.09,0.62499780874748,16
1979,Ligier,73.46,110.19,0.6666666666666666,15
1980,Ferrari,69.343,97.08000000000001,0.7142871858261227,14
1981,Brabham,74.8,112.20000000000002,0.6666666666666665,15
1981,Fittipaldi,62.533,56.28,1.1111051883439944,9
1982,McLaren,75.22,112.83000000000001,0.6666666666666666,15
1982,Williams,76.44,114.66,0.6666666666666666,15
1982,Ensign,58.867,52.980000000000004,1.111117402793507,9
1983,Arrows,67.28,100.92000000000002,0.6666666666666665,15
1984,Tyrrell,60.569,78.74000000000001,0.7692278384556769,13
1986,Osella,53.4,80.10000000000001,0.6666666666666666,15
1987,Zakspeed,61.656,98.65,0.6249974657881399,16
1988,Ferrari,76.087,121.73999999999998,0.6249958928864795,16
1989,Ferrari,72.806,116.49000000000001,0.624997853893038,16
1990,Dallara,57.844,92.55000000000001,0.6250027012425715,16
1990,Ligier,63.119,100.99,0.6250024754926231,16
1995,Ligier,70.453,119.77000000000001,0.5882357852550721,17
1995,Simtek,56.58,28.29,2.0,5
1996,Minardi,64.088,102.54,0.6250048761458942,16
1996,Sauber,70.763,113.22,0.6250044161808869,16
1996,Forti,61.6,36.96,1.6666666666666667,6
1997,Minardi,60.676,103.15,0.5882307319437712,17
1997,Sauber,70.612,120.04,0.5882372542485838,17
2003,Ferrari,82.125,131.4,0.625,16
2005,Toyota,77.447,147.15,0.5263132857628271,19
2006,McLaren,76.267,137.28,0.5555579836829837,18
2006,Williams,66.5,119.69999999999999,0.5555555555555556,18
2012,Mercedes,70.995,141.98999999999998,0.5000000000000001,20
1960,Christensen,56.4,5.64,10.0,1
1960,Kuzma,59.4,5.94,9.999999999999998,1
1991,Minardi,65.156,104.25,0.6249976019184653,16
1992,Minardi,61.7,92.55,0.6666666666666667,15
1993,Ligier,70.613,112.98000000000002,0.6250044255620463,16
2017,McLaren,66.87,133.73999999999998,0.5000000000000001,20
2017,Williams,70.545,141.09,0.5,20
2023,Mercedes,79.473,174.83999999999997,0.4545470144131778,22
2011,Toro Rosso,66.458,126.27,0.5263166231092105,19
2016,Force India,74.414,156.27,0.4761886478530748,21
2022,Racing Bulls,67.886,149.35,0.4545430197522598,22
1950,ERA,68.08,20.424,3.3333333333333335,3
1950,Deidt,73.53,7.353,10.0,1
1950,Stevens,69.6,6.96,10.0,1
1950,Wetteroth,46.2,4.62,10.0,1
1951,Maserati,57.4,34.44,1.6666666666666667,6
1951,Pawl,56.4,5.64,10.0,1
1951,Trevis,45.0,4.5,10.0,1
1951,Simca,68.263,27.305,2.5000183116645305,4
1952,BMW,55.65,5.565,9.999999999999998,1
1953,Cooper,66.983,46.888,1.4285744753455043,7
1953,Turner,52.8,5.28,9.999999999999998,1
1953,AFM,49.9,9.98,5.0,2
1954,Cooper,49.05,4.905,9.999999999999998,1
1955,Kuzma,57.9,5.79,10.0,1
1957,Kurtis Kraft,59.64,5.964,10.0,1
1957,Watson,53.8,5.38,10.0,1
1958,Phillips,75.6,7.56,10.0,1
1961,Ferguson,57.0,5.7,10.0,1
1961,MBM,37.25,3.725,10.0,1
1962,Cooper-Climax,74.678,67.21000000000001,1.1111144174973961,9
1962,De Tomaso-Alfa Romeo,49.4,4.94,9.999999999999998,1
1963,Gilby,60.0,6.0,10.0,1
1963,Cooper-Maserati,66.0,6.6,10.0,1
1964,Honda,65.0,19.5,3.3333333333333335,3
1965,LDS-Alfa Romeo,64.2,6.42,10.0,1
1966,Lotus-BRM,70.811,63.72999999999999,1.1111093676447517,9
1966,Lotus-Climax,77.1,61.68,1.25,8
1966,Cooper-Ferrari,65.1,13.02,5.0,2
1967,McLaren-BRM,73.0,43.8,1.6666666666666667,6
1968,Ferrari,75.6,83.16000000000001,0.909090909090909,11
1968,Lotus-Ford,76.304,91.56500000000001,0.8333315131327471,12
1971,Ferrari,73.018,80.32,0.9090886454183268,11
1971,Lotus-Ford,71.17,71.17,1.0,10
1979,Team Lotus,68.813,103.22000000000001,0.6666634373183491,15
1980,Brabham,73.029,102.24000000000001,0.7142899061032862,14
1980,Fittipaldi,65.079,91.11,0.7142904181758314,14
1981,Ferrari,70.58,105.86999999999998,0.6666666666666669,15
1982,Sauber,68.4,109.44,0.6250000000000001,16
1983,Tyrrell,63.08,94.62,0.6666666666666666,15
1984,Arrows,63.28,94.92,0.6666666666666666,15
1987,Benetton,73.406,117.45000000000002,0.624997871434653,16
1989,Brabham,66.381,106.21000000000001,0.6249976461726767,16
1990,Team Lotus,64.638,103.42,0.6250048346548057,16
1996,McLaren,76.762,122.82,0.6249959290017912,16
1996,Williams,84.637,135.42,0.624996307783193,16
1997,McLaren,75.318,128.04,0.5882380506091847,17
1997,Williams,80.912,137.54999999999998,0.5882370047255545,17
1998,Stewart,64.95,103.92000000000002,0.6249999999999999,16
1999,Stewart,73.163,117.06,0.625004271313856,16
2012,Ferrari,78.825,157.65000000000003,0.4999999999999999,20
2024,Alpine F1 Team,67.629,162.31,0.4166656398250262,24
2024,RB F1 Team,68.587,164.60999999999999,0.41666362918413224,24
1959,Christensen,51.0,5.1,10.0,1
1959,Kuzma,63.0,6.3,10.0,1
1991,McLaren,81.113,129.78,0.6250038526737556,16
1991,Williams,79.894,127.83,0.6250019557224439,16
1992,McLaren,77.1,123.36000000000001,0.6249999999999999,16
1992,Williams,82.931,132.69,0.6249981159092621,16
1993,Team Lotus,64.894,103.82999999999998,0.6250024077819514,16
1994,Ferrari,74.719,119.55000000000001,0.6250020911752404,16
2017,Haas F1 Team,68.52,137.04000000000002,0.4999999999999999,20
2017,Sauber,63.675,127.34999999999998,0.5000000000000001,20
2019,Red Bull Racing,80.438,168.92000000000002,0.4761899123845607,21
2023,Ferrari,79.145,174.11999999999998,0.45454284401562145,22
2007,Toro Rosso,62.276,105.87000000000002,0.5882308491546235,17
2023,AlphaTauri,66.805,146.97,0.4545485473225829,22
1998,Jordan,73.369,117.39000000000001,0.6250021296532924,16
1999,Jordan,75.431,120.69,0.6249979285773469,16
2008,Force India,60.283,108.50999999999998,0.5555524836420608,18
2009,Force India,66.212,112.55999999999997,0.5882373845060413,17
2018,Force India,71.957,151.11,0.47618953080537346,21
1950,Cooper,57.0,5.7,10.0,1
1951,Ferrari,79.354,55.548,1.428566285014762,7
1952,Frazer Nash,67.8,27.12,2.5,4
1952,Gordini,72.314,50.61999999999999,1.4285657842749901,7
1953,Stevens,60.9,6.09,10.0,1
1954,Stevens,58.4,5.84,10.0,1
1955,Arzani-Volpini,49.4,4.94,9.999999999999998,1
1956,Vanwall,71.03,35.515,2.0,5
1962,BRM,75.212,67.691,1.111107828219409,9
1962,Brabham,74.6,22.38,3.333333333333333,3
1963,BRP,73.56,36.78,2.0,5
1965,Honda,72.338,57.870000000000005,1.250008640055296,8
1969,Ferrari,76.77,76.77,1.0,10
1969,Lotus-Ford,76.413,84.05399999999999,0.9090941537582984,11
1972,McLaren,80.008,96.00999999999999,0.8333298614727633,12
1973,BRM,69.073,103.61,0.6666634494739889,15
1973,Brabham,68.653,102.97999999999999,0.6666634297921927,15
1973,Iso Marlboro,64.18,96.27,0.6666666666666667,15
1973,Surtees,66.487,99.72999999999999,0.6666700090243658,15
1975,March,64.039,89.65499999999999,0.7142825274663991,14
1977,Shadow,67.288,114.39,0.5882332371710813,17
1977,Tyrrell,69.8,118.65999999999998,0.5882352941176471,17
1977,Penske,63.95,76.74,0.8333333333333335,12
1979,Sauber,60.36,30.18,2.0,5
1979,Brabham-Ford,68.46,13.692,4.999999999999999,2
1982,Team Lotus,68.26,102.38999999999999,0.6666666666666669,15
1984,Renault,73.963,118.34,0.625004225114078,16
1985,Brabham,70.219,112.35000000000001,0.625002225189141,16
1987,Arrows,68.363,109.38000000000001,0.6250045712196013,16
1990,Minardi,61.169,97.87,0.6250025544089097,16
1995,Forti,58.376,99.24,0.5882305521966948,17
1995,Minardi,64.765,110.09999999999998,0.588237965485922,17
1995,Sauber,69.512,118.16999999999999,0.5882372852669883,17
1996,Ligier,68.887,110.21999999999998,0.6249954636182182,16
2000,Minardi,62.488,106.23,0.5882330791678433,17
2000,Sauber,68.341,116.17999999999998,0.5882337751764504,17
2002,Minardi,61.8,105.06000000000002,0.588235294117647,17
2002,Sauber,72.512,123.27000000000001,0.5882372028879694,17
2007,Ferrari,83.506,141.95999999999998,0.5882361228515075,17
2008,Renault,73.4,132.12000000000003,0.5555555555555555,18
2009,Renault,69.776,118.61999999999999,0.5882313269263194,17
2011,Lotus,59.242,112.56000000000002,0.5263148542999289,19
2011,Mercedes,73.942,140.48999999999998,0.5263150402163855,19
1960,Epperly,57.4,5.74,10.0,1
1960,Scarab,59.9,23.96,2.5,4
1991,Dallara,64.706,103.53,0.624997585240993,16
1991,Ligier,62.644,100.23,0.6250024942631947,16
1992,Dallara,65.231,104.36999999999999,0.6249976046756731,16
1992,Ligier,66.489,106.38299999999998,0.6249964750007051,16
1993,Minardi,63.375,101.40000000000003,0.6249999999999998,16
1993,Sauber,68.419,109.46999999999998,0.6250022837307025,16
1994,Footwork,65.4,104.64,0.625,16
2018,Renault,72.129,151.46999999999997,0.47619330560507045,21
2019,McLaren,73.086,153.48000000000002,0.476192337763878,21
2019,Williams,61.233,128.59000000000003,0.476187883972315,21
2025,Racing Bulls,70.68,106.01999999999998,0.6666666666666669,15
2012,Toro Rosso,66.315,132.63000000000002,0.4999999999999999,20
2024,Aston Martin,71.05,170.51999999999998,0.4166666666666667,24
2003,Jordan,65.887,105.41999999999997,0.6249952570669703,16
2025,Red Bull Racing,75.52,113.28,0.6666666666666666,15
2024,Alpine,67.813,162.75,0.4166697388632873,24
2024,Ferrari,82.225,197.34,0.41666666666666663,24
1950,Ewing,55.2,5.52,10.000000000000002,1
1950,Langley,54.0,5.4,10.0,1
1951,Bromme,44.4,4.44,9.999999999999998,1
1951,Alta,63.0,6.3,10.0,1
1953,Lesovsky,46.8,4.68,10.0,1
1953,OSCA,58.8,11.760000000000002,4.999999999999999,2
1954,Klenk,62.4,6.24,10.0,1
1954,Lancia,66.6,6.66,9.999999999999998,1
1956,Kuzma,59.28,5.928,10.0,1
1957,Epperly,76.5,7.65,10.0,1
1958,Ferrari,79.73,79.73000000000002,0.9999999999999998,10
1958,Connaught,58.8,5.88,10.0,1
1962,Cooper,67.8,6.78,10.0,1
1963,Lola,64.347,64.34700000000001,0.9999999999999998,10
1963,Lotus-Maserati,35.0,3.5,10.0,1
1963,LDS,62.7,6.27,10.000000000000002,1
1964,Derrington,61.2,6.12,10.0,1
1965,Ferrari,76.887,76.887,1.0,10
1966,Brabham-BRM,69.48,34.739999999999995,2.0000000000000004,5
1967,Brabham-Ford,71.4,7.14,10.000000000000002,1
1968,McLaren-Ford,78.409,86.25000000000001,0.9090898550724636,11
1969,BRM-Ford,72.6,7.26,10.0,1
1970,Matra,74.446,96.77999999999999,0.7692291795825584,13
1970,Team Lotus,71.209,92.572,0.7692282763686644,13
1972,Tyrrell,75.333,90.4,0.8333296460176991,12
1972,Politoys,47.4,4.74,10.0,1
1976,Brabham-Ford,56.325,22.53,2.5,4
1977,Ensign,68.065,115.71000000000001,0.5882378359692334,17
1977,McLaren,73.153,124.36000000000001,0.5882357671276938,17
1977,Hesketh,61.433,73.72,0.8333288117200217,12
1978,Ferrari,76.519,122.42999999999998,0.6250020419831742,16
1979,Arrows,65.38,98.07,0.6666666666666666,15
1982,Renault,75.488,120.78,0.6250041397582381,16
1983,Ligier,61.8,92.7,0.6666666666666666,15
1984,Team Lotus,75.188,120.3,0.6250041562759767,16
1985,Osella,59.529,83.34000000000002,0.7142908567314614,14
1987,Minardi,57.569,92.11000000000001,0.6250027141461295,16
1988,March,68.631,109.80999999999999,0.6249977233403151,16
1989,March,62.306,99.69000000000001,0.6249974922259002,16
1990,Arrows,63.75,89.25,0.7142857142857143,14
2000,Arrows,65.188,110.82,0.5882331709077785,17
2001,Ferrari,84.053,142.89,0.5882357057876689,17
2002,Arrows,64.909,71.4,0.9090896358543418,11
2006,Renault,82.933,149.28,0.5555533226152197,18
2007,Honda,67.165,114.18000000000002,0.5882378700297775,17
2014,Mercedes,84.979,161.45999999999998,0.5263161154465503,19
2015,Mercedes,86.858,165.02999999999997,0.5263164273162456,19
1959,Cooper-Maserati,69.486,48.64,1.4285773026315791,7
1960,Behra-Porsche,69.6,13.92,5.0,2
1960,Team Lotus,75.128,60.102,1.2500083191907092,8
1960,Meskowski,63.6,6.36,10.0,1
1960,JBW,69.9,13.98,5.0,2
2016,Red Bull Racing,81.748,171.67000000000002,0.4761926952874701,21
2017,Renault,68.85,137.7,0.5,20
2021,McLaren,77.482,170.46000000000004,0.4545465211779889,22
2021,Williams,65.418,143.92,0.4545441912173431,22
2022,Haas F1 Team,66.55,146.41000000000003,0.4545454545454545,22
2022,Sauber,68.409,150.5,0.4545448504983389,22
2023,Alpine F1 Team,71.55,157.41,0.45454545454545453,22
2004,Jordan,64.317,115.77000000000001,0.5555584348276754,18
1950,Alta,68.7,13.74,5.0,2
1951,BRM,66.75,13.35,5.0,2
1952,Sherman,66.0,6.6,10.0,1
1953,HWM,60.508,36.305,1.6666574851948768,6
1954,Phillips,79.8,7.98,9.999999999999998,1
1954,HWM,62.4,6.24,10.0,1
1955,Gordini,65.48,32.739999999999995,2.0000000000000004,5
1955,Epperly,63.0,6.3,10.0,1
1955,Pankratz,45.6,4.56,10.000000000000002,1
1956,Kurtis Kraft,59.68,5.968,10.0,1
1956,Watson,90.0,9.0,10.0,1
1958,Cooper,74.711,74.711,1.0,10
1961,Porsche,71.184,56.946999999999996,1.2500043900468858,8
1962,Ferrari,72.133,43.28,1.666658964879852,6
1963,Sauber,64.2,6.42,10.0,1
1964,Porsche,61.2,6.12,10.0,1
1967,Eagle-Climax,68.4,20.52,3.3333333333333335,3
1967,Lola,64.8,6.48,9.999999999999998,1
1968,Cooper-Climax,60.6,6.06,10.0,1
1969,BRM,70.23,70.23,1.0,10
1973,Ferrari,71.885,93.44999999999999,0.7692348849652222,13
1974,Lola,64.8,97.19999999999999,0.6666666666666667,15
1974,Shadow,65.25,91.35000000000001,0.7142857142857142,14
1974,Tyrrell,74.9,112.35000000000002,0.6666666666666666,15
1974,Penske,61.2,12.24,5.0,2
1976,Penske,71.719,114.75,0.6250021786492375,16
1976,Shadow,70.275,112.44000000000001,0.625,16
1976,Tyrrell,75.497,120.79499999999999,0.6250010348110435,16
1978,ATS,63.05,75.66,0.8333333333333334,12
1978,Theodore,49.8,4.98,9.999999999999998,1
1979,Ensign,63.1,37.86000000000001,1.6666666666666665,6
1979,McLaren,67.74,101.61,0.6666666666666666,15
1979,Williams,75.32,112.97999999999999,0.6666666666666666,15
1982,Ligier,64.02,96.03,0.6666666666666666,15
1983,Renault,76.8,115.19999999999999,0.6666666666666667,15
1985,Ferrari,75.469,120.75,0.6250020703933747,16
1985,Spirit,50.8,15.24,3.333333333333333,3
1987,AGS,60.462,78.6,0.7692366412213741,13
1987,Tyrrell,65.606,104.97,0.6249976183671525,16
1990,McLaren,81.731,130.76999999999998,0.6249980882465398,16
1990,Williams,76.613,122.58000000000001,0.6250040789688366,16
1995,McLaren,70.624,120.06,0.58823921372647,17
1995,Williams,79.359,134.91,0.5882366021792306,17
1998,Ferrari,82.763,132.42000000000002,0.6250037758646729,16
1999,Ferrari,82.219,131.55,0.6250019004180919,16
2000,McLaren,84.229,143.19,0.5882324184649766,17
2000,Williams,73.182,124.41000000000003,0.5882324571979743,17
2002,McLaren,77.171,131.19,0.5882384328073786,17
2002,Williams,81.476,138.51,0.5882318966139629,17
2004,Toyota,68.617,123.50999999999999,0.555558254392357,18
2006,Red Bull Racing,67.6,121.68,0.5555555555555555,18
2007,Super Aguri,63.812,108.48,0.5882374631268437,17
2011,Ferrari,80.826,153.57000000000002,0.5263137331510059,19
1959,Epperly,68.7,6.87,10.0,1
1959,Moore,73.2,7.32,10.0,1
1959,Tec-Mec,66.0,6.6,10.0,1
1991,Team Lotus,60.788,97.26,0.6250051408595516,16
1992,Team Lotus,65.681,105.09,0.6249976210866875,16
1993,McLaren,74.25,118.8,0.625,16
1993,Williams,84.112,134.57999999999998,0.6249962847377025,16
2016,Renault,62.857,132.0,0.4761893939393939,21
2017,Red Bull Racing,77.21,154.42,0.5,20
2019,Haas F1 Team,67.49,141.73000000000002,0.4761871163479855,21
2019,Sauber,68.81,144.49999999999997,0.47619377162629767,21
1994,Jordan,68.913,110.25999999999999,0.6250045347360784,16
1950,Milano,45.6,4.56,10.000000000000002,1
1951,Sauber,80.697,56.488,1.4285688995892933,7
1951,Kurtis Kraft,67.7,6.77,10.000000000000002,1
1951,Watson,36.6,3.66,10.0,1
1952,HWM,66.585,39.95099999999999,1.6666666666666667,6
1955,Stevens,55.0,5.5,10.0,1
1956,BRM,60.35,12.07,5.0,2
1957,Maserati,75.123,52.58599999999999,1.428574145209752,7
1957,Dunn,48.6,4.86,10.0,1
1961,Emeryson,36.875,7.375,5.0,2
1963,BRM,77.134,77.134,1.0,10
1963,Brabham,76.74,76.74,1.0,10
1965,Brabham-BRM,71.27,71.27000000000001,0.9999999999999998,10
1965,RE,38.6,3.86,10.0,1
1966,Ferrari,79.129,55.39,1.4285791659144251,7
1967,Honda,79.067,71.16,1.111115795390669,9
1967,Cooper-ATS,61.8,6.18,10.0,1
1968,Matra,71.19,71.19,1.0,10
1969,Brabham-Ford,76.764,84.44,0.9090952155376598,11
1970,McLaren-Ford,72.533,87.03999999999999,0.8333295036764706,12
1970,McLaren-Alfa Romeo,66.12,33.06,2.0,5
1971,Matra,75.03,75.03,1.0,10
1972,BRM,62.735,75.28200000000001,0.8333333333333333,12
1972,Brabham,66.483,79.78,0.8333291551767361,12
1972,Surtees,64.979,77.97500000000001,0.8333311958961205,12
1973,McLaren,77.893,116.83999999999999,0.6666638137624102,15
1973,Ensign,56.229,39.36,1.4285823170731706,7
1975,Shadow-Ford,70.436,98.61000000000001,0.714288611702667,14
1976,Boro,59.4,29.7,2.0,5
1978,Arrows,66.8,100.20000000000002,0.6666666666666665,15
1979,Ferrari,82.2,123.3,0.6666666666666667,15
1980,Ligier,76.929,107.7,0.7142896935933147,14
1981,Team Lotus,68.588,102.882,0.6666666666666666,15
1983,Toleman,67.1,100.64999999999999,0.6666666666666666,15
1985,McLaren,77.381,123.81,0.624997980776997,16
1985,RAM,56.908,73.98,0.769234928359016,13
1985,Williams,75.975,121.56,0.6249999999999999,16
1986,Benetton,70.8,113.28,0.625,16
1987,Larrousse,63.22,94.83,0.6666666666666666,15
1988,Ligier,57.514,80.52000000000001,0.7142821659215102,14
1988,Rial,63.0,100.79999999999998,0.6250000000000001,16
1988,Dallara,61.457,86.04000000000002,0.7142840539284052,14
1989,Dallara,65.588,104.94,0.6250047646274061,16
1989,Ligier,61.736,86.42999999999999,0.7142890200161981,14
1989,Rial,61.09,30.545,2.0,5
1990,Ferrari,78.769,126.03,0.6250019836546854,16
1995,Ferrari,77.488,131.73,0.5882335079328931,17
1997,Stewart,64.8,110.16,0.5882352941176471,17
1998,McLaren,83.606,133.76999999999998,0.6249981311205801,16
1998,Williams,77.4,123.84,0.625,16
1999,McLaren,81.0,129.6,0.625,16
1999,Williams,72.131,115.41,0.6249978338098952,16
2000,Ferrari,82.8,140.76,0.5882352941176471,17
2001,Arrows,64.076,108.92999999999998,0.5882309740200129,17
2002,Ferrari,85.412,145.19999999999996,0.5882369146005512,17
2008,BMW Sauber,80.083,144.14999999999998,0.5555532431494972,18
2008,Toyota,74.233,133.62,0.5555530609190241,18
2009,BMW Sauber,71.682,121.86,0.5882323978335795,17
2009,Toyota,74.1,125.96999999999998,0.5882352941176471,17
2010,Virgin,56.258,106.89,0.5263167742539059,19
2011,McLaren,82.374,156.51000000000002,0.5263178071688709,19
2011,Williams,64.247,122.07000000000002,0.5263127713606945,19
2012,Lotus F1,76.155,152.30999999999997,0.5000000000000001,20
2012,Marussia,57.545,115.08999999999999,0.5000000000000001,20
1959,Porsche,71.0,21.3,3.333333333333333,3
1960,Phillips,82.2,8.22,10.0,1
1960,Cooper-Castellotti,66.15,26.459999999999997,2.5000000000000004,4
1993,Ferrari,71.025,113.64,0.625,16
1994,Team Lotus,61.594,98.55000000000001,0.6250025367833586,16
2019,Mercedes,86.1,180.80999999999997,0.4761904761904762,21
2006,Toro Rosso,65.95,118.71000000000001,0.5555555555555556,18
2017,Toro Rosso,67.965,135.93000000000004,0.4999999999999999,20
1991,Jordan,68.475,109.55999999999997,0.6250000000000001,16
1992,Jordan,58.987,94.37999999999998,0.6249947022674297,16
1996,Jordan,73.781,118.05,0.6249978822532826,16
1997,Jordan,73.535,125.01,0.5882329413646907,17
2022,Aston Martin,68.955,151.7,0.4545484508899143,22
1951,Talbot-Lago,68.99,48.293000000000006,1.4285714285714284,7
1951,Schroeder,56.1,5.61,10.0,1
1952,Bromme,48.0,4.8,10.0,1
1952,Alta,67.5,13.5,5.0,2
1953,Del Roy,35.3,3.53,10.0,1
1953,Kuzma,64.97,6.497,10.0,1
1954,Kuzma,74.85,7.485,9.999999999999998,1
1955,Cooper,62.4,6.24,10.0,1
1956,Lesovsky,68.4,6.84,10.000000000000002,1
1956,Bugatti,60.6,6.06,10.0,1
1957,Ferrari,79.919,55.943,1.428579089430313,7
1957,Connaught,74.1,7.41,9.999999999999998,1
1958,Epperly,79.05,7.905,10.0,1
1962,Gilby,51.1,10.219999999999999,5.000000000000001,2
1963,Cooper-Climax,73.9,73.89999999999999,1.0000000000000002,10
1963,Scirocco,53.364,37.355,1.4285637799491366,7
1963,Stebro,59.2,5.92,10.0,1
1964,Brabham-BRM,69.087,55.269999999999996,1.2499909535009952,8
1967,McLaren-Ford,73.8,14.76,5.0,2
1968,Cooper-BRM,67.425,80.91,0.8333333333333334,12
1975,Lola,65.6,19.68,3.333333333333333,3
1975,Penske,67.14,67.13999999999999,1.0000000000000002,10
1975,Tyrrell,73.914,103.48,0.7142829532276769,14
1977,March,61.603,98.565,0.6249987318013493,16
1977,Wolf,76.906,130.73999999999998,0.5882361939727705,17
1978,Renault,66.171,92.64,0.7142810880829016,14
1979,Brabham-Alfa Romeo,66.854,86.91,0.7692325394085836,13
1980,Ensign,61.2,55.08,1.1111111111111112,9
1980,McLaren,67.464,94.45,0.7142826892535733,14
1980,Williams,79.95,111.92999999999999,0.7142857142857144,14
1981,Sauber,69.98,104.97,0.6666666666666667,15
1982,Ferrari,75.181,120.28999999999999,0.624997921689251,16
1983,ATS,64.457,90.23999999999998,0.7142841312056738,14
1983,Osella,54.585,70.96000000000001,0.7692361894024802,13
1983,Theodore,60.785,79.02,0.7692356365477094,13
1985,Ligier,67.18,100.77000000000001,0.6666666666666666,15
1986,Arrows,65.888,105.42,0.6250047429330299,16
1988,Coloni,59.925,47.94,1.25,8
1988,McLaren,86.213,137.94,0.6250036247643903,16
1988,Williams,68.944,110.31000000000002,0.6250022663403136,16
1989,McLaren,81.9,131.04,0.6250000000000001,16
1989,Williams,76.294,122.07000000000001,0.6250020480052428,16
1989,Coloni,54.525,21.81,2.5,4
1990,Leyton House,63.857,89.39999999999999,0.7142841163310962,14
1995,Footwork,62.1,105.57000000000002,0.588235294117647,17
2001,BAR,71.7,121.88999999999999,0.5882352941176472,17
2001,Benetton,66.988,113.88000000000001,0.5882332279592553,17
2001,Jaguar,66.988,113.88000000000001,0.5882332279592553,17
2003,McLaren,78.694,125.91,0.6250019855452308,16
2003,Williams,81.056,129.68999999999997,0.6249980723263168,16
2006,Ferrari,81.867,147.36,0.5555578175895766,18
2008,Honda,66.367,119.46000000000001,0.5555583458898377,18
2011,Red Bull Racing,86.116,163.61999999999995,0.5263170761520598,19
2011,HRT,54.283,97.71000000000001,0.5555521440998874,18
2012,Sauber,69.6,139.20000000000002,0.4999999999999999,20
1991,Brabham,63.488,101.58,0.6250049222287852,16
1992,Brabham,57.11,17.133,3.3333333333333335,3
1993,Footwork,65.719,105.15,0.6250023775558725,16
1994,Minardi,63.994,102.39000000000001,0.6250024416446918,16
1994,Sauber,65.037,104.06,0.6249951950797618,16
2017,Ferrari,82.835,165.67,0.5,20
2022,Alpine F1 Team,73.75,162.25000000000003,0.4545454545454545,22
2023,Haas F1 Team,65.527,144.16000000000003,0.45454356270810203,22
2023,Sauber,66.15,145.53000000000003,0.4545454545454545,22
1960,Aston Martin,60.1,12.02,5.0,2
2024,Haas F1 Team,69.025,165.66000000000005,0.4166666666666666,24
1950,Olson,46.2,4.62,10.0,1
1951,Marchese,56.4,5.64,10.0,1
1952,Maserati,62.925,37.755,1.6666666666666665,6
1952,Simca,65.64,32.82,2.0,5
1952,Trevis,58.2,5.82,10.0,1
1954,Nichels,60.6,6.06,10.0,1
1955,Lancia,75.55,22.665,3.3333333333333335,3
1956,Cooper,65.4,6.54,10.0,1
1957,Phillips,71.4,7.14,10.000000000000002,1
1958,Kurtis Kraft,58.16,5.816,10.0,1
1958,Watson,67.35,6.735,9.999999999999998,1
1961,Lotus-Climax,62.994,50.394999999999996,1.2500049608096042,8
1961,JBW,41.05,8.209999999999999,5.0,2
1962,Lola,69.189,62.269999999999996,1.1111128954552754,9
1962,LDS,67.8,6.78,10.0,1
1963,ATS,55.956,50.36000000000001,1.111119936457506,9
1964,Lotus-BRM,67.162,67.162,1.0,10
1964,Lotus-Climax,78.52,78.52,1.0,10
1965,Brabham-Ford,67.5,6.75,10.0,1
1965,Sauber,69.6,6.96,10.0,1
1966,McLaren-Serenissima,69.4,13.879999999999999,5.000000000000001,2
1966,Honda,74.2,22.26,3.333333333333333,3
1967,Ferrari,79.86,79.86,1.0,10
1967,Lotus-Ford,77.844,70.06,1.111104767342278,9
1968,Matra-Ford,81.375,97.64999999999999,0.8333333333333334,12
1968,McLaren-BRM,66.257,46.38,1.4285683484260456,7
1971,March-Ford,66.382,73.02000000000001,0.9090933990687482,11
1973,Tyrrell,79.425,119.13699999999999,0.6666694645660038,15
1973,Shadow,62.027,80.635,0.7692317231971229,13
1974,Ferrari,78.56,117.84,0.6666666666666666,15
1975,Parnelli,67.25,80.7,0.8333333333333333,12
1976,Ferrari,79.56,119.33999999999999,0.6666666666666667,15
1977,Brabham,72.3,122.91000000000001,0.588235294117647,17
1977,Fittipaldi,65.957,92.34,0.7142841672081437,14
1977,Surtees,66.053,112.29,0.5882358179713242,17
1977,BRM,56.4,11.28,5.0,2
1978,Martini,65.52,32.76,2.0,5
1981,Renault,73.22,109.83,0.6666666666666666,15
1985,Tyrrell,66.3,106.07999999999998,0.6250000000000001,16
1985,Lola,53.4,21.36,2.5,4
1986,Team Lotus,73.744,117.99000000000001,0.6250021188236291,16
1987,Ferrari,73.2,117.12,0.625,16
1988,Euro Brun,56.067,67.28,0.8333382877526754,12
1988,Zakspeed,56.605,56.60500000000001,0.9999999999999998,10
1989,Zakspeed,53.4,10.68,5.0,2
1990,Larrousse,64.669,103.47,0.6250024161592732,16
1998,Prost,66.262,106.01999999999998,0.6249952839086966,16
1998,Tyrrell,62.906,100.65,0.624997516145057,16
1999,Prost,69.619,111.39000000000001,0.6250022443666396,16
2001,Minardi,61.041,103.77,0.58823359352414,17
2001,Sauber,72.035,122.46,0.5882328923730198,17
2005,McLaren,79.626,151.29000000000002,0.5263137021614118,19
2005,Williams,72.979,138.66,0.5263161690465887,19
2006,BMW Sauber,72.283,130.11,0.5555529936207824,18
2006,Toyota,71.35,128.43,0.5555555555555555,18
2010,HRT,55.468,105.38999999999999,0.5263117942878832,19
2010,Red Bull Racing,83.147,157.98000000000002,0.5263134573996708,19
2013,Red Bull Racing,83.779,159.18,0.5263161201155924,19
2014,Caterham,58.747,99.87000000000002,0.5882347051166515,17
2014,McLaren,75.884,144.18,0.526314329310584,19
2014,Williams,78.316,148.79999999999998,0.5263172043010753,19
2015,McLaren,64.926,123.36,0.5263132295719845,19
2015,Williams,77.247,146.77,0.5263132792805069,19
2024,Sauber,63.213,151.71,0.41666996242831716,24
1959,Cooper-Climax,78.453,62.762,1.250007966603996,8
1959,Lesovsky,64.75,6.475,10.0,1
1959,Cooper-Borgward,65.7,13.14,5.0,2
1960,Maserati,60.467,18.14,3.33335170893054,3
1960,Trevis,72.3,7.23,9.999999999999998,1
1992,March,61.65,98.63999999999999,0.6250000000000001,16
1993,Larrousse,65.494,104.78999999999999,0.6250023857238286,16
1994,Benetton,75.019,120.03000000000002,0.6250020828126301,16
2016,Manor Marussia,59.171,124.25999999999998,0.4761870272010302,21
2020,Red Bull Racing,79.429,135.03,0.588232244686366,17
2021,Mercedes,82.705,181.95000000000002,0.4545479527342676,22
2022,Ferrari,81.191,178.62,0.4545459634979286,22
2008,Toro Rosso,68.967,124.14000000000001,0.5555582406959884,18
2009,Toro Rosso,64.659,109.92,0.5882368995633188,17
2018,Toro Rosso,66.405,139.45,0.47619218357834353,21
2022,AlphaTauri,67.886,149.35,0.4545430197522598,22
1950,Moore,70.8,7.08,10.0,1
1952,AFM,65.25,13.05,5.0,2
1952,Cooper,72.538,43.523,1.6666590078808903,6
1953,BMW,57.0,5.7,10.0,1
1956,Maserati,72.873,51.010999999999996,1.428574229087844,7
1957,BRM,69.9,20.97,3.333333333333334,3
1961,Lotus-Maserati,55.8,5.58,10.0,1
1962,Lotus-Climax,69.179,62.261,1.1111128957132073,9
1962,Lotus-BRM,63.783,38.269999999999996,1.6666579566239876,6
1962,Team Lotus,58.4,5.84,10.0,1
1968,McLaren,72.9,14.58,5.0,2
1969,Cooper-Maserati,73.8,7.38,10.0,1
1969,Brabham-Climax,60.0,6.0,10.0,1
1971,March-Alfa Romeo,62.137,49.709999999999994,1.2499899416616376,8
1971,McLaren,67.818,74.60000000000001,0.9090884718498659,11
1972,Connew,51.6,5.16,10.0,1
1973,Team Lotus,79.207,118.80999999999999,0.6666694722666442,15
1974,March,63.053,94.58,0.6666631423133855,15
1976,March,66.575,106.52000000000001,0.625,16
1976,Wolf,57.879,81.03,0.7142910033320992,14
1980,Sauber,65.721,92.01,0.7142810564069123,14
1981,Ensign,61.909,86.673,0.7142824178233129,14
1981,McLaren,69.727,104.59,0.6666698537145043,15
1981,Williams,80.36,120.54000000000002,0.6666666666666665,15
1982,Brabham,71.06,106.59000000000002,0.6666666666666666,15
1982,Fittipaldi,61.4,55.26,1.1111111111111112,9
1984,ATS,62.244,99.59,0.625002510292198,16
1984,Osella,57.819,92.51,0.6250027024105502,16
1985,Team Lotus,78.713,125.94000000000001,0.6250039701445131,16
1986,Lola,63.581,101.72999999999999,0.6249975425144992,16
1986,Tyrrell,66.75,106.80000000000001,0.6249999999999999,16
1986,AGS,51.6,10.32,5.0,2
1987,March,59.737,95.57999999999998,0.6249947687800796,16
1988,Minardi,61.907,86.66999999999999,0.7142840659974617,14
1989,Minardi,63.825,102.11999999999999,0.6250000000000001,16
1996,Ferrari,76.8,122.88000000000001,0.6249999999999999,16
1997,Ferrari,77.418,131.60999999999999,0.5882379758377024,17
2003,Minardi,63.713,101.94000000000001,0.6250049048459878,16
2003,Sauber,69.581,111.32999999999998,0.6249977544237852,16
2005,BAR,72.865,123.86999999999999,0.588237668523452,17
2005,Renault,81.537,154.92000000000002,0.5263168086754454,19
2006,Super Aguri,59.017,106.23000000000002,0.5555586934011107,18
2007,Red Bull Racing,68.947,117.21,0.5882347922532207,17
2012,Caterham,60.48,120.96000000000001,0.49999999999999994,20
2012,McLaren,77.685,155.37,0.5,20
2012,Williams,67.86,135.72,0.5,20
1959,Sutton,37.5,3.75,10.0,1
1991,Ferrari,74.4,119.03999999999999,0.6250000000000001,16
1991,Fondmetal,60.3,36.18,1.6666666666666665,6
1992,Ferrari,68.7,109.92,0.625,16
1992,Fondmetal,57.3,74.49000000000001,0.769230769230769,13
1994,McLaren,71.831,114.93,0.6249978247628991,16
1994,Williams,79.481,127.17,0.6249980341275457,16
2017,Mercedes,85.905,171.80999999999997,0.5000000000000001,20
2021,Alpine F1 Team,73.145,160.92000000000002,0.45454262987820027,22
2023,McLaren,75.177,165.39000000000001,0.45454380555051693,22
2023,Williams,66.232,145.70999999999998,0.45454670235399086,22
2019,Toro Rosso,70.405,147.85,0.4761920865742307,21
2025,Aston Martin,69.36,104.03999999999999,0.6666666666666667,15
1959,Aston Martin,71.55,28.619999999999997,2.5,4
1993,Jordan,61.594,98.55,0.6250025367833587,16
1995,Jordan,72.018,122.42999999999998,0.5882381769174223,17
2000,Jordan,71.259,121.14,0.5882367508667657,17
2002,Jordan,68.441,116.35000000000001,0.5882337773957885,17
2010,Force India,67.626,128.49,0.526313331776792,19
2013,Force India,68.589,130.32,0.5263121546961326,19
2025,Haas F1 Team,67.44,101.16,0.6666666666666666,15
1950,Maserati,66.889,46.821999999999996,1.4285805817777968,7
1950,Simca,68.2,20.46,3.3333333333333335,3
1950,Snowberger,47.4,4.74,10.0,1
1951,Deidt,67.3,6.73,9.999999999999998,1
1951,ERA,73.8,7.38,10.0,1
1952,Veritas,61.857,18.557000000000002,3.333351296006897,3
1953,Ferrari,78.838,63.07000000000001,1.2500079276993814,8
1953,Connaught,60.175,36.105000000000004,1.6666666666666663,6
1954,Ferrari,74.689,59.751,1.2500041840303928,8
1954,Connaught,61.08,6.108,10.0,1
1955,Kurtis Kraft,66.14,6.614,10.0,1
1956,Gordini,65.814,32.907,2.0,5
1956,Emeryson,48.0,4.8,10.0,1
1957,Kuzma,68.25,6.825,10.0,1
1958,Lesovsky,58.5,5.85,10.0,1
1961,BRM,71.175,56.940000000000005,1.2499999999999998,8
1962,ENB,57.6,5.76,10.0,1
1964,BRM,74.49,74.49,1.0,10
1965,Cooper-Climax,71.588,71.588,1.0,10
1966,Shannon,57.0,5.7,10.0,1
1967,Brabham-Climax,71.16,35.58,2.0,5
1967,Cooper-Maserati,72.435,79.679,0.9090852043825851,11
1967,Eagle-Weslake,74.233,66.81,1.1111061218380482,9
1968,Brabham-Repco,71.104,85.325,0.8333313800175798,12
1974,Parnelli,66.3,13.26,5.0,2
1975,Ferrari,80.679,112.94999999999997,0.7142895086321382,14
1976,Ligier,72.45,115.92000000000002,0.6249999999999999,16
1976,Parnelli,70.8,14.16,5.0,2
1976,Kojima,72.6,7.26,10.0,1
1977,Team Lotus,73.606,125.13000000000001,0.588236234316311,17
1981,ATS,60.511,54.46,1.1111090708777085,9
1981,Osella,62.52,62.52,1.0,10
1981,Theodore,65.585,85.25999999999999,0.7692352803190242,13
1982,Tyrrell,70.106,112.17,0.6249977712400819,16
1983,Sauber,67.12,100.68,0.6666666666666666,15
1984,McLaren,80.569,128.91000000000003,0.6250019393375222,16
1984,RAM,57.1,85.64999999999999,0.6666666666666667,15
1984,Williams,66.863,106.98,0.6250046737707983,16
1986,Brabham,66.206,105.92999999999999,0.6249976399509111,16
1987,Ligier,61.207,91.80999999999997,0.6666702973532297,15
1988,Larrousse,63.225,101.16000000000003,0.6249999999999999,16
1989,Larrousse,60.656,97.05,0.6249974240082432,16
1990,Euro Brun,51.667,15.5,3.3333548387096776,3
1997,Arrows,66.265,112.65,0.5882379050155349,17
2004,Ferrari,85.283,153.51,0.5555533841443555,18
2007,Spyker,58.429,99.33,0.588231148696265,17
2008,McLaren,81.45,146.61,0.5555555555555555,18
2008,Williams,69.517,125.12999999999998,0.5555582194517702,18
2009,McLaren,73.253,124.53000000000002,0.5882357664819722,17
2009,Williams,72.565,123.36,0.5882376783398184,17
2010,Ferrari,79.784,151.58999999999997,0.5263144006860612,19
2013,Ferrari,79.374,150.80999999999997,0.5263178834294808,19
2025,Sauber,66.92,100.38000000000001,0.6666666666666666,15
1959,Kurtis Kraft,62.59,12.518,5.0,2
1959,Watson,74.55,7.455,10.0,1
1960,Vanwall,62.4,6.24,10.0,1
2016,Haas F1 Team,66.057,138.72,0.476189446366782,21
2016,Sauber,61.519,129.19,0.47619010759346697,21
2018,McLaren,67.843,142.47000000000003,0.4761914789078402,21
2018,Williams,64.114,134.64,0.4761883541295307,21
2019,Renault,70.905,148.9,0.4761920752182673,21
2020,Ferrari,72.794,123.75000000000001,0.5882343434343433,17
2022,Red Bull Racing,83.986,184.77,0.45454348649672566,22
2014,Toro Rosso,68.984,131.07,0.526314183260853,19
2015,Toro Rosso,70.537,134.02,0.5263169676167736,19
2020,AlphaTauri,72.212,122.76,0.588237210817856,17
2001,Jordan,72.653,123.51,0.5882357703829649,17
2020,Racing Point,75.776,128.82000000000002,0.5882316410495263,17
2025,Kick Sauber,66.92,100.38000000000002,0.6666666666666665,15
2024,McLaren,83.512,200.42999999999998,0.4166641720301353,24
2024,Williams,64.938,155.85,0.41666987487969204,24
1950,Sauber,83.333,50.0,1.66666,6
1950,Kurtis Kraft,64.5,6.45,10.0,1
1950,Watson,44.3,4.43,10.0,1
1951,Kuzma,65.4,6.54,10.0,1
1952,Lesovsky,65.4,6.54,10.0,1
1952,OSCA,57.0,5.7,10.0,1
1953,Schroeder,56.4,5.64,10.0,1
1954,Schroeder,44.0,4.4,10.0,1
1955,Maserati,72.247,43.348000000000006,1.6666743563716893,6
1955,Pawl,57.6,5.76,10.0,1
1955,Trevis,54.3,5.43,10.0,1
1957,Porsche,65.2,6.52,10.000000000000002,1
1958,Vanwall,77.072,69.365,1.1111079074461185,9
1961,Cooper-Maserati,60.847,36.507999999999996,1.6666757970855706,6
1961,Gilby,58.2,5.82,10.0,1
1964,Brabham-Climax,75.34,75.34,1.0,10
1966,Brabham-Repco,80.367,72.33,1.1111157196184156,9
1967,BRM,71.204,78.324,0.9090955518104284,11
1969,Eagle-Climax,64.8,6.48,9.999999999999998,1
1974,BRM,60.773,91.15999999999998,0.6666630100921458,15
1974,Brabham,69.573,104.36,0.6666634725948639,15
1974,Iso Marlboro,62.02,93.02999999999999,0.6666666666666667,15
1974,Surtees,59.986,83.97999999999999,0.7142891164562992,14
1974,Amon,49.5,9.9,5.0,2
1975,Team Lotus,65.364,91.51,0.7142825920664408,14
1976,BRM,52.8,5.28,9.999999999999998,1
1976,Fittipaldi,62.54,93.81,0.6666666666666666,15
1976,Surtees,63.653,95.48,0.6666631755341432,15
1977,Ferrari,78.529,133.5,0.5882322097378276,17
1978,Ensign,61.625,73.95,0.8333333333333333,12
1978,McLaren,68.538,109.661,0.6249988601234714,16
1978,Williams,70.65,113.03999999999999,0.6250000000000001,16
1978,Hesketh,46.8,4.68,10.0,1
1979,ATS,60.457,84.64,0.7142840264650283,14
1980,Renault,72.579,101.61000000000001,0.7142899320932977,14
1982,March,59.538,77.39999999999998,0.7692248062015505,13
1982,Toleman,59.509,65.46000000000001,0.9090895203177511,11
1985,Arrows,70.65,113.04000000000002,0.6249999999999999,16
1986,Ligier,73.594,117.74999999999999,0.6250021231422506,16
1987,Brabham,64.631,103.41000000000001,0.6249975824388356,16
1988,Benetton,74.719,119.54999999999998,0.6250020911752405,16
1989,Benetton,69.056,110.49000000000001,0.6249977373517964,16
1990,Osella,59.6,53.63999999999999,1.1111111111111114,9
1998,Arrows,62.981,100.77,0.6249975191029077,16
1999,Arrows,61.837,98.93999999999998,0.6249949464321812,16
2001,McLaren,79.094,134.46,0.5882344191581138,17
2001,Williams,76.729,130.43999999999997,0.5882321373811715,17
2003,BAR,70.5,112.80000000000001,0.6249999999999999,16
2003,Jaguar,69.769,111.63000000000002,0.6250022395413418,16
2003,Renault,76.331,122.13,0.6249979530009008,16
2005,Minardi,62.984,119.67,0.5263140302498538,19
2005,Sauber,70.974,134.85,0.5263181312569523,19
2013,Lotus F1,76.595,145.53,0.5263175977461692,19
2013,Marussia,58.263,110.69999999999999,0.5263143631436314,19
2014,Sauber,63.237,120.15,0.5263171036204743,19
2015,Sauber,68.368,129.9,0.5263125481139337,19
1959,Dunn,62.4,6.24,10.0,1
1959,Maserati,61.075,24.43,2.5,4
1960,Cooper-Climax,75.207,67.68599999999999,1.111116035812428,9
1960,Lesovsky,75.6,7.56,10.0,1
2021,Ferrari,78.955,173.70000000000002,0.45454807138744957,22
2022,Mercedes,81.373,179.02,0.4545469779912859,22
2016,Toro Rosso,68.448,143.73999999999998,0.4761931264783637,21
2021,AlphaTauri,72.136,158.70000000000002,0.4545431632010081,22
2011,Force India,71.242,135.36,0.5263150118203309,19
2023,Racing Bulls,66.805,146.97,0.4545485473225829,22
2024,RB,68.587,164.60999999999999,0.41666362918413224,24
1950,Marchese,69.0,6.9,10.0,1
1951,Veritas,57.0,5.7,10.0,1
1952,Deidt,45.0,4.5,10.0,1
1952,Stevens,55.45,5.545,10.0,1
1952,ERA,59.8,17.94,3.333333333333333,3
1953,Gordini,66.66,53.327999999999996,1.25,8
1954,Gordini,67.294,53.834999999999994,1.2500046438190768,8
1954,Pankratz,67.2,6.72,10.0,1
1955,Phillips,61.2,6.12,10.0,1
1956,Ferrari,78.427,54.899,1.4285688263902805,7
1956,Connaught,67.533,20.26,3.3333168805528133,3
1957,Lesovsky,56.55,5.655,9.999999999999998,1
1958,Kuzma,54.12,5.412,10.0,1
1963,Ferrari,74.477,74.477,1.0,10
1963,Lotus-Ford,66.0,6.6,10.0,1
1966,BRM,74.256,66.83,1.1111177614843633,9
1967,Brabham-Repco,80.882,88.97,0.9090929526806789,11
1967,LDS-Climax,72.6,7.26,10.0,1
1968,Brabham-Climax,66.0,6.6,10.0,1
1968,Cooper-Maserati,64.2,6.42,10.0,1
1968,Eagle-Weslake,69.72,34.86,2.0,5
1970,De Tomaso,63.933,57.54,1.1111053180396246,9
1970,March,72.628,94.416,0.7692340281308253,13
1972,Ferrari,74.7,89.63999999999999,0.8333333333333335,12
1975,Maki,45.8,4.58,10.0,1
1977,Boro,61.2,6.12,10.0,1
1978,Shadow,62.167,93.25,0.6666702412868633,15
1978,Tyrrell,68.063,108.90000000000002,0.6250045913682276,16
1979,Fittipaldi,64.12,96.17999999999999,0.6666666666666667,15
1980,Team Lotus,66.757,93.46000000000001,0.7142841857479135,14
1981,Ligier,69.24,103.86000000000001,0.6666666666666665,15
1984,Toleman,65.906,105.45000000000003,0.6249976292081554,16
1985,Minardi,56.8,85.2,0.6666666666666666,15
1985,Sauber,62.794,100.46999999999998,0.6250024883049667,16
1986,Zakspeed,59.25,94.80000000000001,0.6249999999999999,16
1987,Osella,56.057,78.48,0.7142838939857289,14
1988,Team Lotus,70.519,112.83000000000001,0.6250022157227687,16
1989,Team Lotus,66.36,99.53999999999999,0.6666666666666667,15
1990,Brabham,59.287,94.85999999999999,0.6249947290744255,16
1996,Footwork,64.462,103.13999999999999,0.6249951522202832,16
1998,Minardi,62.25,99.59999999999998,0.6250000000000001,16
1998,Sauber,71.513,114.42000000000002,0.6250043698654081,16
1999,Minardi,62.981,100.77,0.6249975191029077,16
1999,Sauber,66.825,106.91999999999997,0.6250000000000002,16
2001,Prost,66.971,113.85000000000001,0.5882389108476065,17
2004,BAR,78.283,140.91,0.5555531899794195,18
2004,Jaguar,69.383,124.89,0.5555528865401553,18
2004,Renault,77.917,140.25000000000003,0.5555579322638146,18
2006,MF1,62.229,87.12000000000002,0.7142906336088153,14
2007,McLaren,85.306,145.02,0.5882361053647772,17
2007,Williams,70.182,119.31,0.5882323359316067,17
2010,Renault,72.3,137.36999999999998,0.5263157894736843,19
2011,Sauber,67.079,127.45,0.5263162024323264,19
2012,Red Bull Racing,80.76,161.52,0.5,20
2012,HRT,53.937,102.47999999999999,0.5263173302107729,19
2025,Alpine F1 Team,65.7,98.54999999999998,0.6666666666666669,15
2025,RB F1 Team,70.68,106.01999999999998,0.6666666666666669,15
1959,Phillips,57.0,5.7,10.0,1
1960,Porsche,77.4,7.74,10.0,1
1991,Footwork,56.58,56.580000000000005,0.9999999999999999,10
1991,Leyton House,62.419,99.87,0.6250025032542305,16
1992,Footwork,68.194,109.11,0.6250022912656952,16
1994,Ligier,68.831,110.13000000000002,0.6249977299555071,16
1994,Simtek,57.181,91.49,0.6249972674609247,16
2019,Ferrari,82.043,172.29,0.4761913053572466,21
2020,Renault,75.776,128.82,0.5882316410495265,17
2023,Red Bull Racing,83.782,184.32000000000008,0.454546440972222,22
2014,Force India,72.932,138.57,0.526318828029155,19
2015,Force India,73.121,138.93,0.526315410638451,19
2019,Racing Point,69.233,145.39000000000001,0.47618818350643094,21
2021,Aston Martin,69.891,153.76,0.45454604578564,22
2025,McLaren,86.42,129.62999999999997,0.6666666666666669,15
2025,Williams,71.16,106.74000000000001,0.6666666666666666,15
2024,Kick Sauber,63.213,151.71,0.41666996242831716,24
1950,Adams,49.2,4.92,10.0,1
1950,Lesovsky,69.6,6.96,10.0,1
1951,HWM,66.6,6.66,9.999999999999998,1
1952,Kurtis Kraft,62.3,6.23,9.999999999999998,1
1952,Watson,61.8,6.18,10.0,1
1954,Mercedes,81.125,48.675,1.6666666666666667,6
1955,Vanwall,66.25,26.5,2.5,4
1958,Maserati,68.319,68.319,1.0,10
1958,Dunn,45.6,4.56,10.000000000000002,1
1961,Ferrari,80.6,56.42,1.4285714285714284,7
1961,De Tomaso-Osca,43.7,8.74,5.0,2
1962,Porsche,69.493,62.544000000000004,1.1111057815298029,9
1962,Lotus-Borgward,36.5,3.65,10.0,1
1962,Cooper-Alfa Romeo,64.8,6.48,9.999999999999998,1
1964,Ferrari,78.91,78.91,1.0,10
1967,Lotus-BRM,72.1,36.050000000000004,1.9999999999999996,5
1967,Lotus-Climax,78.0,7.8,10.0,1
1967,Matra,62.55,12.51,5.0,2
1968,Honda,74.75,89.70000000000002,0.8333333333333331,12
1969,McLaren-Ford,77.705,85.475,0.9090962269669495,11
1973,March,63.708,95.56200000000001,0.6666666666666665,15
1973,Tecno,61.35,24.54,2.5,4
1974,Team Lotus,71.08,106.61999999999999,0.6666666666666667,15
1975,BRM,56.46,56.46,1.0,10
1975,Brabham,75.921,106.29000000000002,0.7142816821902341,14
1975,Fittipaldi,58.745,64.62,0.9090838749613122,11
1975,Surtees,65.973,72.57,0.9090946672178587,11
1976,Team Lotus,67.219,107.55,0.6250023245002324,16
1977,Ligier,72.706,123.6,0.5882362459546926,17
1977,Kojima,63.0,6.3,10.0,1
1979,Renault,67.653,101.48000000000002,0.6666633819471817,15
1979,Rebaque,59.4,5.94,9.999999999999998,1
1980,ATS,65.138,84.68,0.7692253188474256,13
1980,Osella,58.62,58.62,1.0,10
1982,Arrows,65.4,91.56000000000002,0.7142857142857142,14
1983,McLaren,65.829,92.16,0.7142903645833333,14
1983,RAM,57.2,17.16,3.3333333333333335,3
1983,Williams,71.66,107.49,0.6666666666666666,15
1984,Sauber,65.7,105.12000000000002,0.6249999999999999,16
1985,Toleman,60.377,78.49000000000001,0.7692317492674225,13
1986,Ferrari,71.588,114.54,0.6250043652872358,16
1987,Team Lotus,74.963,119.94000000000001,0.625004168751042,16
1988,Osella,53.636,59.0,0.9090847457627119,11
1989,Osella,57.867,52.08,1.1111175115207372,9
1990,Benetton,76.35,122.16000000000001,0.6249999999999999,16
1995,Benetton,80.7,137.18999999999997,0.5882352941176472,17
1996,Tyrrell,68.081,108.92999999999999,0.6249977049481319,16
1997,Prost,70.606,120.02999999999999,0.5882362742647672,17
1997,Tyrrell,64.182,109.11000000000001,0.5882320593896068,17
2000,BAR,72.141,122.63999999999999,0.5882338551859101,17
2000,Benetton,70.782,120.33000000000001,0.58823236100723,17
2000,Jaguar,69.318,117.83999999999999,0.5882382892057026,17
2002,BAR,68.965,117.24000000000002,0.5882378027976799,17
2002,Jaguar,66.6,113.22000000000001,0.588235294117647,17
2002,Renault,73.006,124.11,0.5882362420433487,17
2006,Spyker MF1,59.775,23.91,2.5,4
2007,BMW Sauber,78.829,134.01,0.5882322214760093,17
2007,Toyota,69.706,118.49999999999999,0.5882362869198313,17
2010,Lotus,58.721,111.57000000000001,0.5263153177377431,19
2010,Mercedes,75.616,143.67000000000004,0.5263172548200736,19
2013,Mercedes,81.458,154.76999999999998,0.5263164696000517,19
2015,Manor Marussia,61.639,110.94999999999999,0.5555565570076612,18
1960,Kurtis Kraft,53.4,5.34,10.0,1
1960,Watson,68.19,6.819,10.0,1
1959,Vanwall,52.8,5.28,9.999999999999998,1
1991,AGS,55.0,16.5,3.3333333333333335,3
1991,Lambo,59.4,35.64,1.6666666666666665,6
1991,Tyrrell,66.619,106.58999999999999,0.625002345435782,16
1991,Lola,54.946,71.43,0.7692286154276914,13
1992,Tyrrell,63.225,101.16,0.625,16
1993,Benetton,76.463,122.34000000000002,0.6250040869707372,16
1994,Larrousse,58.856,94.16999999999999,0.6249973452267178,16
2016,McLaren,69.0,144.9,0.47619047619047616,21
2016,Williams,73.419,154.18,0.4761901673368789,21
2018,Haas F1 Team,71.3,149.73000000000005,0.476190476190476,21
2018,Sauber,68.157,143.13,0.47618947809683504,21
2020,Mercedes,86.065,146.30999999999997,0.5882373043537695,17
2021,Red Bull Racing,81.864,180.1,0.4545474736257635,22
2005,Jordan,65.005,123.51,0.5263136588130515,19
2017,Force India,76.275,152.54999999999998,0.5000000000000001,20
2023,Aston Martin,75.186,165.41,0.45454325615138147,22
